time,date,ISE,ISE.1,SP,DAX,FTSE,NIKKEI,BOVESPA,EU,EM
0,2009/1/5,0.035753707999999995,0.038376187,-0.004679315,0.002193419,0.0038943759999999997,0.0,0.031190229,0.012698039,0.028524462
1,2009/1/6,0.025425872999999998,0.031812743,0.0077867380000000005,0.008455341,0.012865611,0.0041624520000000005,0.01891958,0.011340652,0.008772644
2,2009/1/7,-0.02886173,-0.026352966000000002,-0.030469134,-0.017833062,-0.028734593,0.017292932,-0.035898576,-0.017072795,-0.020015412
3,2009/1/8,-0.062208079000000006,-0.084715902,0.0033913640000000004,-0.011726277,-0.00046599900000000004,-0.040061308999999996,0.028283152000000002,-0.005560959,-0.019423778
4,2009/1/9,0.009859905,0.009658112,-0.021533207999999998,-0.019872754,-0.012709716999999999,-0.004473502,-0.00976388,-0.010988633999999999,-0.007802211999999999
5,2009/1/12,-0.029191027999999997,-0.042361155,-0.022822626000000002,-0.013525735,-0.0050255329999999996,-0.049038532,-0.053849474,-0.012451259,-0.022629745
6,2009/1/13,0.015445348000000001,-0.000272183,0.0017565520000000002,-0.017673622,-0.006141454,0.0,0.00357202,-0.012220196000000001,-0.004827138
7,2009/1/14,-0.041167612,-0.03555248,-0.034032484,-0.047383437,-0.050945198,0.0029123540000000002,-0.040301613,-0.045220199,-0.008676646
8,2009/1/15,0.000661905,-0.017267843999999997,0.001328305,-0.019550621,-0.014334659,-0.050447588,0.030313602000000002,-0.012070424,-0.023428729
9,2009/1/16,0.022037345,0.032278032000000005,0.007533125999999999,0.00679078,0.006289177,0.025453186000000003,0.004866685999999999,0.008560858000000001,0.010916893
10,2009/1/19,-0.022692465,-0.044348781,-0.054261984000000006,-0.011549904,-0.009351296,0.003238918,-0.013151015,-0.012045182,-0.004029004
11,2009/1/20,-0.013708703999999999,-0.029661366,0.0,-0.017833593000000002,-0.004170789,-0.023411498,-0.040899261,-0.015088013,-0.024107193
12,2009/1/21,0.000864697,0.00152943,0.042572032999999995,0.005011186,-0.0077288669999999995,-0.020561328,0.033532127,-0.0033385629999999997,-0.005092242
13,2009/1/22,-0.00381506,0.005043164,-0.015278458,-0.009841399,-0.001898399,0.018817884,-0.016981713,-0.00655222,-0.003227249
14,2009/1/23,0.00566126,-0.010007954,0.0053632359999999995,-0.009640052,7.4e-05,-0.038808465,0.006261035999999999,-0.003620056,-0.008077319
15,2009/1/26,0.046831302000000005,0.061708175999999997,0.005537856,0.034786791,0.037891115,-0.008181598,0.009838155999999999,0.032799581,0.010319685
16,2009/1/27,-0.006634978000000001,0.01094866,0.010866312,-0.0007976610000000001,-0.003474788,0.048148147999999995,0.00492178,-0.0026418059999999996,0.0063444980000000005
17,2009/1/28,0.034566982,0.03587086,0.033006834,0.044182012,0.023747817999999997,0.0055940009999999995,0.038724652000000005,0.029974200000000003,0.022104102999999996
18,2009/1/29,-0.020528213,-0.020271848000000002,-0.033681051000000004,-0.020255911,-0.02477352,0.017723189,-0.014750158000000001,-0.023108586,0.00040869699999999997
19,2009/1/30,-0.008776701,-0.023458255,-0.02305281,-0.020478765,-0.009712656,-0.031665977000000005,-0.00853829,-0.007201303,0.002242539
20,2009/2/2,-0.025919141,-0.035607493999999996,-0.000532907,-0.015636734,-0.017454317,-0.015133862,-0.016289303,-0.019739293999999998,-0.019091385
21,2009/2/3,0.015279487,0.022402817999999998,0.01570993,0.02404002,0.021038592999999998,-0.0061747419999999996,0.027573706,0.017862273999999997,0.012718686000000002
22,2009/2/4,0.018577796,0.023230767000000003,-0.007517662,0.026576513,0.015274748999999999,0.026908323999999997,0.009564898,0.018769962,0.015165588999999998
23,2009/2/5,-0.014132879,-0.014571381000000001,0.016233194,0.003931905,7.09e-05,-0.011169331000000001,0.024127811000000002,-0.004139094,0.002072505
24,2009/2/6,0.036607044,0.042758925999999996,0.026540681,0.029305917999999997,0.014787613,0.015845566000000002,0.039282461,0.019126668,0.032338114
25,2009/2/9,0.011353209,0.021467637,0.001484047,0.0047661840000000006,0.003651379,-0.013410688999999998,-0.015461796000000002,0.0056271590000000005,0.007895394
26,2009/2/10,-0.040542021,-0.043906874000000005,-0.05036862,-0.035170147,-0.022182186,-0.002901673,-0.021439596000000002,-0.024387752999999998,-0.002139095
27,2009/2/11,-0.022105644,-0.033893469,0.007923456,0.005434056,0.005019305999999999,-0.030744916,-0.008799248,0.001097418,-0.007925996999999999
28,2009/2/12,-0.014888368,-0.020825038,0.001737641,-0.027420557999999998,-0.007609828000000001,0.0,-0.008482232,-0.014092175,-0.014772748
29,2009/2/13,0.007026745,0.009709195,-0.010048038,0.0013218529999999998,-0.003002934,0.009563024,0.028550767999999997,0.0030319329999999997,0.017764444
30,2009/2/16,-0.011494996,-0.024629091000000002,-0.046629446,-0.045613985999999995,-0.013166303999999998,-0.003764436,0.003999287,-0.012721713,-0.006850441
31,2009/2/17,-0.041136038,-0.050687495,0.0,0.0,-0.024655731,-0.013596231,-0.0488296,-0.030934994,-0.038322771
32,2009/2/18,-0.0026314990000000003,-0.012101138,-0.000950817,-0.002764335,-0.006790310999999999,-0.014634038,-0.004351059,-0.003303102,-0.0033422609999999996
33,2009/2/19,0.024654642999999997,0.032923209,-0.012096922,0.002434631,0.0028908959999999996,0.0030757859999999996,0.001410509,0.00256948,0.006764498000000001
34,2009/2/20,-0.03584061,-0.04977568,-0.011478573,-0.048746751,-0.032706045,-0.018869228000000002,-0.025879448,-0.037924005,-0.027294442000000002
35,2009/2/23,0.017303168,0.029566248,-0.035315356,-0.019673358999999998,-0.009922818,-0.00543789,-0.012554261,-0.012159595,0.00967787
36,2009/2/24,0.001725406,-0.004151655,0.039320053,-0.010393086999999999,-0.00894738,-0.01469498,0.0,-0.009447032,-0.011881112
37,2009/2/25,0.004975853,0.010197804,-0.010715038,-0.012797967,0.008505804,0.026160742,0.0,-0.000994183,0.006099364
38,2009/2/26,0.000671759,-0.000812008,-0.015905668,0.024757229,0.017155200000000002,-0.00044104400000000003,-0.001361043,0.020902648,-0.002331164
39,2009/2/27,-0.005891895,-0.009518450999999999,-0.023846497999999997,-0.025399626,-0.022077662,0.014706431,7.859999999999999e-05,-0.018261438,-0.006150131
40,2009/3/2,-0.013689038999999998,-0.031323951,-0.047741862999999995,-0.035395107,-0.054815959000000004,-0.038832861,-0.052364888,-0.048816774,-0.035364882
41,2009/3/3,0.002192959,0.004122949,-0.006427392,-0.005229183,-0.031860804,-0.006951158000000001,0.006409661,-0.020299096000000003,0.0012903069999999999
42,2009/3/4,0.007913215,0.00272274,0.02347539,0.052829213,0.037389099,0.008434917,0.051674378,0.03654846,0.030311506000000002
43,2009/3/5,-0.03852223,-0.043381574000000006,-0.043463290999999994,-0.051537615999999994,-0.032333707,0.019360241,-0.027268057999999998,-0.037465202999999996,-0.008671838000000001
44,2009/3/6,0.007958798000000001,-0.019234871,0.001215289,-0.007900176,0.00022661,-0.035657548,-0.0070897519999999995,-0.01117204,-0.0020976470000000002
45,2009/3/9,-0.007133473,-0.016436982,-0.010074281,0.006963461,0.0033083120000000003,-0.012212678000000001,-0.009858434000000001,-0.000177944,-0.0055583640000000005
46,2009/3/10,0.011234009,0.021882653,0.06171871,0.051456064,0.047628049000000006,-0.00439149,0.054398075,0.050459269,0.024909953999999998
47,2009/3/11,-0.0014103610000000002,0.024432446,0.002442817,0.006952911,-0.005776774,0.044514005,0.000257732,0.003950464,0.01281572
48,2009/3/12,0.010974423999999998,0.0027419109999999997,0.039921068,0.010703606000000001,0.004942016,-0.024409814,0.008902402,0.009801190999999999,0.005419475
49,2009/3/13,0.0032132529999999997,0.034066676000000004,0.007709238,-0.000662468,0.011144266000000002,0.05026001,-0.0035053190000000002,0.006193885,0.018689238
50,2009/3/16,0.000214245,0.0056094759999999995,-0.003522156,0.022741267000000003,0.028960896,0.017661193999999998,-0.01051258,0.026677664,0.010253879
51,2009/3/17,-0.00711875,-0.013630133000000001,0.031634285,-0.014135646000000002,-0.001787311,0.031303344,0.023145507000000003,-0.005683706,0.0026886909999999996
52,2009/3/18,0.0018918029999999998,-0.0008813689999999999,0.020643416,0.00214176,-0.013599614,0.002894238,0.015844054,-0.004204775,0.006012506
53,2009/3/19,0.019874248,0.030888693,-0.013064131000000001,0.011726823,0.0031225840000000003,-0.003293103,0.007717639,0.00702835,0.009847274
54,2009/3/20,0.0029186990000000003,-0.0009517210000000001,-0.019967428,0.006232608000000001,0.006788715,0.033362642000000005,-0.009363155,0.0033750029999999997,-0.006654352
55,2009/3/23,0.035968063,0.051330657,0.06836638,0.026109079,0.028196898999999997,0.0,0.057290099000000004,0.028379434,0.044121571
56,2009/3/24,0.0032984240000000003,0.011893995,-0.020626376000000002,0.002628016,-0.010503256,0.032662479,-0.022952804,-0.003923899000000001,0.002296045
57,2009/3/25,0.021165071,0.014858013,0.00958032,0.008543980999999999,-0.002867459,-0.000979474,0.007757469,0.007125859,0.008309651999999999
58,2009/3/26,-0.004968387,0.00054608,0.023052626,0.008506817,0.006363832,0.018268453,0.018723588,0.004564397,0.016417645
59,2009/3/27,0.011247875,0.006408036,-0.020524738,-0.013191856,-0.006722843,-0.0010843810000000001,-0.016143127,-0.013192091999999999,-0.0067308609999999994
60,2009/3/30,-0.021780194,-0.040576634,-0.035439358,-0.052331177,-0.035504525,-0.04636884,-0.030380242999999998,-0.039575426000000004,-0.038564463
61,2009/3/31,0.024406595,0.036216524,0.013044212,0.023664745,0.04245663,-0.015484588999999998,0.006692924,0.033905256,0.007834221
62,2009/4/1,0.0069134109999999995,0.019586989,0.016421016,0.011273478,0.00748573,0.029450342,0.025332467999999997,0.013131002,0.015339491
63,2009/4/2,0.031401768,0.052522395,0.028322241,0.058950530999999994,0.041933723,0.043103753,0.041073535,0.046299865,0.038506193
64,2009/4/3,-0.005247358000000001,0.010895898000000001,0.009684728,0.000700361,-0.023374087999999998,0.0034414059999999997,0.014865185,-0.013565922,0.004311521
65,2009/4/6,0.000735712,0.018613486999999998,-0.008367252,-0.008055179,-0.009023892,0.012277689,-0.005058842,-0.00663938,0.0041919309999999994
66,2009/4/7,-0.010297613,-0.035028186,-0.024143678,-0.006298226999999999,-0.015901395,-0.002835377,-0.007773473,-0.010973461,-0.0055658619999999995
67,2009/4/8,0.047238893,0.046046123,0.011714575,0.008160941,-0.001272913,-0.027295924,0.008113036,0.00457624,-0.007501084
68,2009/4/9,0.03177774,0.05155751,0.037347061,0.030107235,0.014717303999999999,0.036672342999999996,0.030251635,0.020350247,0.027695855
69,2009/4/10,0.010170736,0.014648571,0.0025301860000000002,0.0,0.0013295370000000002,0.0053746819999999996,0.009898367,0.0,0.005385996
70,2009/4/13,-0.013661316000000001,-0.018458136,0.0,0.0,0.0,-0.004436367,0.0,0.0,0.005879636
71,2009/4/14,-0.010111415,-0.009219811999999999,-0.02026854,0.014564593,0.0,-0.009202462,-0.012558966000000001,0.010410568,0.007414113000000001
72,2009/4/15,0.0057888,-0.007271921999999999,0.012470933,-0.0015856289999999999,-0.005177582,-0.011341193000000001,-0.003197674,-0.00569206,0.00271128
73,2009/4/16,0.041454961,0.037113921,0.015419321000000001,0.013029635,0.021094357,0.0014058579999999998,0.016473899,0.019679181,0.00243869
74,2009/4/17,-0.002617982,-0.006440886,0.004957068,0.014511955,0.009771985,0.017247936999999998,-0.005381101,0.015000818,-0.005525922
75,2009/4/20,-0.030954776,-0.043561684,-0.043732255,-0.04159436,-0.025212562999999997,0.001925716,-0.02982119,-0.033145055,-0.008357848000000001
76,2009/4/21,0.004548211,-0.013976351000000001,0.021029382000000003,0.003411245,-0.0008523010000000001,-0.024203838999999998,0.010188062,0.000107111,-0.007276574
77,2009/4/22,0.009655946,0.017986713,-0.0077112859999999995,0.02040297,0.01077559,0.001831566,0.0,0.014246565,-0.000966672
78,2009/4/24,0.024517037000000002,0.041463716,0.026531285,0.017241173999999998,0.030613015,-0.0022150489999999998,0.041114235,0.019732664,0.022915147
79,2009/4/27,-0.004162916,-0.00776554,-0.010117621,0.004216312,0.002643279,0.002105043,-0.020564056,0.001193826,-0.01873672
80,2009/4/28,-0.012367953000000001,-0.021244475,-0.002744255,-0.018631963,-0.017087813,-0.027013084,2.18e-05,-0.016191973000000002,-0.013223984
81,2009/4/29,0.05198032,0.073005406,0.021379806,0.020864204,0.022496725,0.038624986,0.030223262,0.021224456000000003,0.025812428999999998
82,2009/4/30,0.029022746000000002,0.040498015,-0.0009505000000000001,0.013698743000000001,0.012830266000000002,0.0,0.001333094,0.013364378,0.016444765
83,2009/5/4,0.016261076,0.015619342,0.038689132,0.027504086,0.021724277,0.061229315,0.06379152,0.015641376999999998,0.047804531
84,2009/5/5,0.025882269,0.042492155999999996,-0.003798927,-0.010131828,0.0,0.0,0.005243643,0.004722385999999999,0.004035826
85,2009/5/6,0.021061108,0.015539991999999999,0.017254573,0.005687449,0.013648963,0.0,0.016228371000000002,0.012728662,0.011737376
86,2009/5/7,-0.026273031000000002,-0.01169267,-0.013290323,-0.015820981,0.0005002730000000001,0.0,-0.028380057,-0.005234116,-0.00246741
87,2009/5/8,-0.001123867,-0.005918252,0.02378394,0.022598204,0.014310465,0.005008903,0.026378015,0.016838851999999998,0.010330863000000001
88,2009/5/11,-0.018541411,-0.018413175,-0.0217472,-0.009608685,-0.005979158,0.002028086,-0.008205415,-0.011834648,-0.005579355
89,2009/5/12,0.025756737999999998,0.020467942,-0.000979319,-0.00263347,-0.002257083,-0.016359316999999998,-0.012833091999999999,-0.004118204,-0.002245018
90,2009/5/13,-0.006508992,-0.0007033230000000001,-0.027263206,-0.026405979,-0.021492451,0.004493787,-0.033274117,-0.02444295,-0.010673606
91,2009/5/14,0.008070571,-0.008364512,0.010298404,0.002294509,0.007177395,-0.026773547999999998,0.015633439,0.004393536,-0.011305019
92,2009/5/15,0.011703446000000001,0.019054811,-0.011475673999999998,-0.000204728,-0.003329242,0.018660853,-0.00891802,0.002504001,0.008160491
93,2009/5/18,0.00540756,0.008294571,0.029936576,0.023873177000000002,0.022378302000000003,-0.024731766000000002,0.048899958,0.021345107000000002,0.027348037999999998
94,2009/5/20,0.042840743,0.06128487,-0.006882961999999999,0.037812995,0.004913133,0.033288664,-0.004245051,0.01755585,0.023405287
95,2009/5/21,-0.011999815,-0.012065933999999999,-0.01689961,-0.027823812000000003,-0.027889576,-0.008650804,-0.022856559,-0.020868958,-0.017031881000000002
96,2009/5/22,0.008430531,0.008559532,-0.0014983129999999998,0.0036825029999999997,0.0045460890000000006,-0.004147121,0.009557472,-0.000809664,0.00213008
97,2009/5/25,0.011166483999999999,0.0028120790000000003,0.025962189,-6.1e-05,0.010573187,0.013050445,0.0048923000000000005,0.00163058,0.0008414830000000001
98,2009/5/26,-0.015572642,-0.022049112000000003,0.0,0.013560316999999999,0.0,-0.003879345,0.019970076,0.00693029,-0.005331499
99,2009/5/27,0.008801231,0.006089365,-0.019153403,0.003038143,0.001019495,0.013649584,-0.000945645,0.003596128,0.016360679
100,2009/5/28,-0.004209168,-0.00946971,0.015301233999999999,-0.013668905,-0.006520009,0.001336146,0.023829502000000002,-0.009320093,0.008582894
101,2009/5/29,-0.000514681,0.01745131,0.013483449,0.0016083129999999999,0.006904881,0.007495599,0.0029556020000000003,0.002727525,0.007760751
102,2009/6/1,0.028131284,0.036775968,0.025489965,0.040019701,0.019789756000000002,0.016172017,0.023922986,0.022988538,0.029978301000000002
103,2009/6/2,-0.007792426,-0.010423561,0.001981342,0.000291641,-0.006501046999999999,0.00274068,-0.008959741,0.000450926,-0.006630540999999999
104,2009/6/3,-0.022362446,-0.020392771,-0.013834487,-0.01755778,-0.021128499999999998,0.0038424440000000004,-0.036068649,-0.019199926000000003,-0.013026703999999998
105,2009/6/4,-0.019171953000000002,-0.026503017,0.011418207,0.002029779,0.000798148,-0.007491806,0.026093132999999998,0.0011986569999999999,-0.001283652
106,2009/6/5,0.013947093999999998,0.014207147,-0.002517863,0.002411795,0.011716184,0.010192006,-0.0023032639999999997,0.006255363000000001,0.007195201
107,2009/6/8,-0.032005875,-0.043297074000000005,-0.001011052,-0.014344978000000001,-0.00755335,0.009944239,0.005403346999999999,-0.010088165999999999,-0.010536916
108,2009/6/9,0.004478365,0.0066706859999999995,0.003497083,-0.001371646,-9.08e-05,-0.008020417,-0.008858814,0.002247523,-0.005148888
109,2009/6/10,0.017089104,0.02671333,-0.003486435,0.010612058999999998,0.00723854,0.020697148000000002,0.004766918,0.009563579000000001,0.019623396
110,2009/6/11,0.00967985,0.0064143609999999995,0.006093308,0.011041178,0.005641288,-0.001017383,0.002748462,0.007607936,0.0028885940000000004
111,2009/6/12,0.002670961,0.008682443,0.001396013,-0.007472151999999999,-0.004469959,0.015359336000000001,0.0,-0.003360153,-0.0021802220000000003
112,2009/6/15,-0.0036237870000000003,-0.010935365,-0.024055536000000002,-0.036010872,-0.026461397999999997,-0.009531439000000001,-0.028867827999999998,-0.026607747,-0.021109332999999997
113,2009/6/16,-0.004441286,-0.0041155309999999995,-0.012801901000000001,0.000159498,0.000600837,-0.028981619,-0.016040638,-0.001898177,-0.009452694000000001
114,2009/6/17,0.001688065,-0.002397706,-0.00138258,-0.018727781000000002,-0.011641683,0.008979463,-0.0031295259999999997,-0.017037019,-0.013276346999999999
115,2009/6/18,0.031866012,0.024440981,0.008375844,0.007782173000000001,0.000560787,-0.014032771999999999,-0.002805326,0.006532695,-0.009827668000000001
116,2009/6/19,0.002917994,0.009371344,0.0031093740000000003,0.00040922,0.015069603999999999,0.008470044,0.009210346999999999,0.010530485,0.0075049719999999995
117,2009/6/22,-0.011589253,-0.014240563999999999,-0.031078361000000002,-0.030645877999999998,-0.026085699,0.00408005,-0.037260554,-0.028450775,-0.011895016999999999
118,2009/6/23,-0.014168795,-0.024762184,0.002304071,0.002925363,-0.00094518,-0.028559096000000003,0.006424415,-0.00039708699999999996,-0.014676581000000001
119,2009/6/24,0.024046362999999998,0.032322169,0.006503219,0.027007371000000002,0.011751016999999999,0.00425394,-0.002854675,0.021006006,0.016991546
120,2009/6/25,0.015786401999999998,0.020041017,0.021217576000000002,-0.007357423,-0.006422449,0.021228049,0.036431633,-0.006491876,0.013359036000000001
121,2009/6/26,0.011719598000000001,0.02094488,-0.0014789360000000001,-0.0050307979999999995,-0.00273147,0.008266001,-0.000563101,-0.002434553,0.009896025
122,2009/6/29,0.002315584,0.004539175,0.009024344,0.022485928999999998,0.012419609,-0.00955408,0.012584123000000001,0.01610096,0.0030092709999999996
123,2009/6/30,0.002929655,0.006462161,-0.008567380999999999,-0.015773409,-0.01048797,0.017726206,-0.012992085,-0.009756314,-0.006932094000000001
124,2009/7/1,0.007996801,0.008066865,0.0043524340000000005,0.019930494,0.021304896,-0.0018604539999999999,0.001533847,0.018996966,0.01104966
125,2009/7/2,-0.005590715,-0.002963695,-0.029577647000000002,-0.03885596,-0.0248176,-0.006437219,-0.010120103,-0.026148902,-0.004837023
126,2009/7/3,-0.006518816,-0.011508276000000001,0.002562476,-0.00218104,0.00047222199999999995,-0.006101921,-0.001765399,-0.000129804,0.0008640739999999999
127,2009/7/6,-0.00105307,-0.009724851999999999,0.0,-0.012049252,-0.009820745,-0.013869065,-0.006164045999999999,-0.01052673,-0.013954751000000001
128,2009/7/7,0.012265455,0.017404655,-0.019879851,-0.011595793,-0.001885015,-0.0034229,-0.023282659,-0.005062892,-0.002388698
129,2009/7/8,-0.0015197320000000002,-0.0098359,-0.001669895,-0.005569841999999999,-0.011240391,-0.02381417,-0.0056572359999999995,-0.011370978,-0.007945176
130,2009/7/9,-0.004539036,-0.001230056,0.003540952,0.012479081000000001,0.00445843,-0.013862056000000001,0.000873993,0.005713551,0.003546083
131,2009/7/10,-0.005617343,-0.008927346999999999,-0.004029952,-0.01167899,-0.007603314,-0.000406925,0.0,-0.010951065,-0.0034568859999999997
132,2009/7/13,0.006074146999999999,0.003941595,0.024627967999999997,0.031411443,0.017985189,-0.025844501000000002,-0.000691001,0.020103773000000002,-0.013401351
133,2009/7/14,-0.008232237,0.001961398,0.00530194,0.012489601000000001,0.008436269,0.023098273,-0.006404264000000001,0.00981059,0.016832183
134,2009/7/15,0.032511512,0.036041524,0.029199472,0.030228467000000002,0.025350254,0.0008029760000000001,0.048407174000000004,0.027037465,0.027435226
135,2009/7/16,0.006370441,0.010105514,0.008604637,0.00581654,0.0035138929999999997,0.008049079,0.01203328,0.004621884000000001,0.006022186
136,2009/7/17,-0.011323604,-0.009281959000000001,-0.00038275099999999997,0.004269506,0.006171025,0.005460144,0.002961825,0.006393209,0.010282346999999999
137,2009/7/20,0.013780465,0.024767692999999997,0.011366703,0.01034125,0.012409018,0.026955527000000003,0.020584797,0.010856959,0.023092408999999998
138,2009/7/21,-0.006357127,-0.005420251,0.003620702,0.012607683,0.008426009,0.0,0.001485116,0.00790874,0.001526131
139,2009/7/22,0.004758472,0.009434319,-0.000534409,0.0054015930000000005,0.0027855479999999997,0.007343449,-0.0030289659999999997,0.002757225,-0.0047101159999999994
140,2009/7/23,0.018495281000000002,0.027708478999999998,0.023022629,0.024250767000000003,0.014602347,0.0071510490000000005,0.021916235,0.018131091999999998,0.016398626
141,2009/7/24,0.012603659,0.01469961,0.0030375109999999997,-0.003420947,0.003677601,0.015362945,0.00382684,0.00047729699999999995,0.0037121470000000003
142,2009/7/27,0.011235934,0.015375231000000001,0.002977407,0.004234371,0.002073625,0.014387358000000001,0.001687981,0.003589901,0.009279397
143,2009/7/28,0.004036218,0.008396005,-0.00260985,-0.014734175,-0.012572986000000001,-0.000138779,-0.0014125720000000002,-0.009714293,0.003495323
144,2009/7/29,0.009330696999999999,-0.000453061,-0.004573436,0.018301985,0.004120628,0.002572215,-0.01362225,0.00679058,-0.013102375
145,2009/7/30,0.043744798,0.04563733,0.011825408999999999,0.01699602,0.018324748999999998,0.00512565,0.013732392,0.020259518,0.010000404000000001
146,2009/7/31,0.010826131999999999,0.016193889,0.000739529,-0.005334443,-0.005021655999999999,0.018675099,0.005272613000000001,-0.0024008189999999998,0.010755726
147,2009/8/3,0.045219554,0.050339385,0.015225583,0.017606197,0.01595143,-0.00042106699999999996,0.022246412,0.013411188999999999,0.016159052
148,2009/8/4,0.001853539,0.005901211,0.003007551,-0.001813006,-0.002373343,0.002174891,0.000714056,-0.002555235,-0.003348635
149,2009/8/5,-0.017993858999999997,-0.016477754,-0.002917791,-0.011886829,-0.005215443,-0.011875526,0.006155398,-0.006186667,-0.004860192
150,2009/8/6,-0.001445482,-0.007075515,-0.005640579000000001,0.003165165,0.009295817,0.013135453,-0.011218338000000001,0.007141904,0.0016241729999999998
151,2009/8/7,0.021028135,0.012236363,0.013349736999999999,0.016434111,0.008724225,0.0023076729999999997,0.01026016,0.01108049,-0.0026214740000000004
152,2009/8/10,-0.0018324670000000002,0.004289841,-0.003350552,-0.007509404,-0.001988619,0.010715437,0.008837102,-0.0031772429999999997,0.00419627
153,2009/8/11,-0.02278477,-0.036549776,-0.012740935,-0.02472302,-0.010837386999999999,0.005798293,-0.018989655,-0.013443726999999999,-0.0061165709999999995
154,2009/8/12,0.004813828,-0.00436774,0.011459209,0.012087512,0.009693198,-0.014315821000000001,0.014722248,0.010512515,-0.0063977619999999995
155,2009/8/13,0.013453937,0.033335747,0.006856468,0.009491105,0.008171239,0.007845521,0.00809607,0.007872083,0.013275553999999998
156,2009/8/14,-0.004084155,-0.007142277,-0.008567996,-0.017180275,-0.008765038000000001,0.007591021,-0.007212881,-0.008324871,-0.001426894
157,2009/8/17,-0.00027135099999999997,-0.017895879,-0.024559914,-0.02045602,-0.014745432,-0.031510413,-0.025391151,-0.01925327,-0.02977241
158,2009/8/18,-0.001299983,0.006328676,0.010094531,0.009400826,0.008745287,0.001590965,0.009570486,0.009641885,0.0028530290000000004
159,2009/8/19,0.031414816,0.027861466,0.006837444,-0.003579228,0.000831956,-0.007902834000000001,0.007274059,-4.210000000000001e-05,-0.003350004
160,2009/8/20,0.019757306000000002,0.026608014,0.010889255,0.015001647,0.014164513,0.01742954,0.011948418999999998,0.014198886,0.013296568
161,2009/8/21,0.013108203,0.01466062,0.01845147,0.028159057,0.019631126999999998,-0.014083517,0.015677695,0.023348771,0.006812871999999999
162,2009/8/24,0.012676973000000001,0.016467907,-0.000545889,0.010382074,0.009295139000000001,0.032938842,0.0007965089999999999,0.010500576999999999,0.016065598
163,2009/8/25,0.006291416,-0.00032915699999999995,0.0023666110000000002,0.006742021,0.004198518,-0.007940868,-0.0061460659999999995,0.004957708,-0.0014647
164,2009/8/26,-0.023435627,-0.026864443999999998,0.000116725,-0.006339909,-0.005342916999999999,0.013469431,0.005990277,-0.004106477,-0.001999212
165,2009/8/27,0.008987423000000001,0.006307214,0.0027779140000000003,-0.009395737,-0.004344269,-0.015700096,-0.001073872,-0.004156013,-0.006473657
166,2009/8/28,0.003705789,0.007392781,-0.001990379,0.008558729000000001,0.008079158000000001,0.00572828,-5.2000000000000004e-05,0.009242537,0.005024977
167,2009/8/31,-0.021432986,-0.025187312000000003,-0.008109142,-0.010807922,-0.018338199,-0.003957836,-0.021228575,-0.006164299,-0.012832463999999998
168,2009/9/1,0.008224308,0.007152568000000001,-0.022372209,-0.024247085,0.0,0.0035704490000000003,-0.012003278000000001,-0.017967666,0.0035967359999999997
169,2009/9/2,-0.02534402,-0.03160451,-0.003301906,-0.0013994379999999998,-0.000456564,-0.023989017999999997,-0.007715796,-0.00598433,-0.008320949000000001
170,2009/9/3,0.008378078,0.012507327,0.008498592,-0.003468519,-0.004306092,-0.006423021,0.005778958000000001,-0.001465902,0.008117161999999999
171,2009/9/4,-0.021587901,-0.01798409,0.01303221,0.015536746,0.01138013,-0.00269879,0.016821479,0.012772763000000001,0.009702045
172,2009/9/7,0.002509442,0.010777476999999999,0.008806056,0.014579985,0.016658706000000002,0.013051646,0.0,0.015583349,0.010025827
173,2009/9/8,-0.009497407,-0.006658603000000001,0.0,0.0033293040000000004,0.002854109,0.006979791,0.021012588999999998,0.002873531,0.013928806
174,2009/9/9,-0.005834448000000001,-0.008671601999999999,0.0077522780000000005,0.016738829,0.01145557,-0.007832791,0.000950201,0.01084736,-0.002746053
175,2009/9/10,0.007574225,-0.002567542,0.010368274,0.00367266,-0.0033226609999999998,0.019354473,0.010751868000000001,-0.00103475,0.009233671
176,2009/9/11,0.036271557,0.040760842,-0.001351306,0.005214478,0.00476039,-0.006617068,-0.0029084209999999996,0.005179929000000001,0.003606254
177,2009/9/14,-0.001994969,-0.005213742,0.006319121,-0.000672343,0.001475515,-0.023469587000000004,0.008564121,-0.000698728,-0.008405198000000001
178,2009/9/15,-0.012536673,-0.0041362759999999995,0.0031303990000000003,0.001553886,0.004611876,0.00152402,0.00670439,0.004297024,0.008323168
179,2009/9/16,0.016615187,0.025284654,0.015207304,0.012583533999999999,0.016132238,0.005188316,0.019169169,0.014512465,0.015813252
180,2009/9/17,0.006084621,0.011543224,-0.0030643109999999997,0.0054026759999999995,0.007756573,0.016706504,-0.002901027,0.005445146999999999,0.005761581
181,2009/9/18,0.004157378,0.000267365,0.002633813,-0.004776585,0.0017219870000000001,-0.007039406999999999,0.00772294,-0.00036404,0.00041240199999999997
182,2009/9/23,0.008195123,0.004858922,-0.006979274000000001,-0.00031212,-0.006497119,0.016608748,-0.003415873,-0.002200783,-0.004004496
183,2009/9/24,0.009023651,0.008482327,-0.009556581,-0.017129237,-0.011762884,0.0,-0.007466311999999999,-0.014179303999999998,-0.010152976999999999
184,2009/9/25,-0.007433515,-0.012106948999999999,-0.006109338000000001,-0.00425509,0.0005707819999999999,-0.026742327000000003,0.005149428,-0.002034007,-0.00059241
185,2009/9/28,0.004001644,0.000624585,0.017652877,0.027374713999999998,0.016296381999999998,-0.025298876,0.015796766,0.017615119,-0.003191672
186,2009/9/29,0.011414048999999999,0.014048353000000001,-0.00223207,-0.00398085,-0.001162183,0.009018586,-0.0013382079999999998,-0.001245038,0.008961924
187,2009/9/30,-0.009442384,-0.006064639,-0.0033338240000000004,-0.006736539000000001,-0.005012834,0.003264897,0.004610893,-0.0040518179999999996,-0.000743823
188,2009/10/1,-0.0022130360000000003,-0.006405308,-0.026097229,-0.021481345,-0.016913098999999997,-0.015373313999999999,-0.017364366000000003,-0.017376967,-0.003233047
189,2009/10/2,-0.020018346,-0.026805495,-0.004515691,-0.015722781,-0.01177715,-0.025040742,0.011724119,-0.016212542,-0.0087413
190,2009/10/5,0.023026511,0.032177895,0.014765453000000001,0.0074612590000000005,0.007110786,-0.005913542,0.019378789,0.008032903000000001,0.001991938
191,2009/10/6,0.031160933999999998,0.044574339000000004,0.013612406,0.026650953999999998,0.022377757999999998,0.0017876429999999998,0.0048304640000000005,0.023523141,0.013076211
192,2009/10/7,-0.008730222,-0.009687353000000001,0.00270795,-0.0029898090000000004,-0.0056797819999999995,0.011061401,-0.000526698,-0.004043262,0.004295981
193,2009/10/8,0.01706096,0.022759764,0.007442123,0.013346692,0.008905403000000001,0.0033486059999999996,0.017753912,0.010892793000000001,0.00769598
194,2009/10/9,0.006746256999999999,0.004064031,0.005624801,-0.0008155110000000001,0.001415209,0.018532576999999998,0.0048658090000000005,9.159999999999999e-05,0.006176261999999999
195,2009/10/12,0.015520491,0.015381762,0.004376823,0.012414133999999999,0.009313514,0.005989183,0.008934388,0.010575071,0.0043436609999999995
196,2009/10/13,-0.01843108,-0.014092117,-0.002791504,-0.011988795,-0.010825728,0.0,0.0,-0.010315897,4.48e-05
197,2009/10/14,0.018883892,0.026777977,0.017393671,0.024175547999999998,0.019596792,-0.001623895,0.023769337,0.019869578,0.016426627
198,2009/10/15,-0.000160911,0.0019263070000000001,0.004148815,-0.004000035999999999,-0.006317356999999999,0.017581736,0.007554361,-0.004118030999999999,0.001776709
199,2009/10/16,-0.024346941,-0.034743583,-0.008131019,-0.015099439,-0.006299717,0.00184522,-0.0075694659999999995,-0.009167473,-0.00619924
200,2009/10/19,0.009915384000000001,0.010606876999999999,0.009361385,0.018829544,0.017437916,-0.002054253,0.015572973,0.01594895,0.010830679
201,2009/10/20,0.01507818,0.018463331,-0.006258672,-0.006994001,-0.007240005,0.009753472,-0.029215459,-0.005858889,-0.003248157
202,2009/10/21,0.004774399,-0.0030195020000000003,-0.008893203,0.003730277,0.002761565,-0.000333813,0.002798402,0.001612484,-0.002497166
203,2009/10/22,-0.005441211,-0.009280968,0.010587366,-0.012169423,-0.009651017,-0.0064289740000000005,0.009861728,-0.010527017,-0.005011615
204,2009/10/23,0.007105868,0.010879518000000001,-0.012253261000000001,-0.003943263,0.006736868000000001,0.0015396479999999998,-0.016403557,-0.000778076,0.003919997
205,2009/10/26,-0.0029345879999999997,-0.010121663000000001,-0.011786491000000001,-0.017235792,-0.009756362,0.007714026999999999,0.00041492199999999997,-0.013986318999999999,0.000255686
206,2009/10/27,-0.01632457,-0.026367552000000002,-0.003323385,-0.001266274,0.0017897179999999998,-0.014596557,-0.03002245,0.000550359,-0.014859632
207,2009/10/28,-0.030082971,-0.030080423999999998,-0.019734359,-0.024931016,-0.023460916000000002,-0.013546473,-0.048646098,-0.021614441,-0.02595065
208,2009/10/30,-0.035849614,-0.036051348999999996,-0.006195841999999999,-0.014904187,-0.007091458,-0.004008998,0.022743938999999998,-0.005098468,-0.006025
209,2009/11/2,0.0057353840000000005,-0.001328301,0.0064355919999999995,0.0029246420000000003,0.011823963,-0.023369712,0.017667081,0.006416061,-0.001535758
210,2009/11/3,-0.02390659,-0.030117917999999997,0.002423036,-0.014367602,-0.013272131000000001,0.004210263,0.0,-0.014107112,-0.007353045
211,2009/11/4,0.020219135,0.028040938999999997,0.00104211,0.016833799,0.013937989,0.0,0.02007084,0.016556042,0.018558259
212,2009/11/5,0.00035102800000000003,0.004521631,0.019052883,0.0067166380000000005,0.00345923,-0.012971413999999999,0.014029703000000001,0.006450039,0.00236358
213,2009/11/6,-0.006962099,-0.0010138319999999999,0.0025000829999999997,0.001336473,0.003330642,0.007372851,-0.005414533000000001,0.001380545,0.004129933
214,2009/11/9,0.016985685,0.022223315,0.021995171,0.023672397,0.017826815,0.002004252,0.026753968,0.019047948999999998,0.017839993999999998
215,2009/11/10,0.00751899,0.007653769,-6.4e-05,-0.0011608739999999999,-0.0008981719999999999,0.0062745,0.0013432239999999999,-0.002355524,0.004411033
216,2009/11/11,0.015029496000000002,0.017689104,0.005019358,0.009777103,0.0069160919999999996,9.620000000000001e-05,0.00192867,0.00648076,0.007978584
217,2009/11/12,-0.002417171,-0.006917942,-0.010312341,-0.000774776,0.0018400320000000001,-0.006829608,-0.030305118,-0.000105516,-0.010681845
218,2009/11/13,-0.006258616999999999,-0.009044561,0.005722896,0.004029680999999999,0.003764345,-0.0034922490000000002,0.013531422,0.001930278,0.0029166709999999996
219,2009/11/16,0.00685869,0.010121533,0.014363915,0.020535631999999998,0.016162763,0.002133785,0.019719781000000002,0.014123227,0.01569294
220,2009/11/17,-0.031914469,-0.034907071,0.000919076,-0.004556587,-0.006860195,-0.006275279,0.011624134,-0.006568908,0.000917437
221,2009/11/18,-0.017581763,-0.016424900000000003,-0.00046844300000000003,0.001587406,-0.0007110780000000001,-0.005475434,-0.013291515,0.0005387030000000001,-0.001784346
222,2009/11/19,-0.006598214,-0.013773197,-0.013516783999999999,-0.014870868,-0.014024999,-0.013245613,-0.0028454659999999996,-0.015621595,-0.005447913
223,2009/11/20,-0.019347799,-0.022447375,-0.0032200840000000002,-0.006868283,-0.003099127,-0.005438096999999999,0.007240748000000001,-0.0058524630000000005,-0.003116793
224,2009/11/23,0.012533508,0.013944426999999999,0.013523927,0.024132782999999998,0.019629363,-0.010169798,0.0,0.020448651,0.007984955
225,2009/11/24,-0.00630611,-0.010003918,-0.00053348,-0.005560568,-0.00589917,0.0,0.007575003,-0.0064023330000000005,-0.004366385
226,2009/11/25,0.00055265,0.006343138000000001,0.004494025,0.0058259819999999995,0.007634195999999999,0.004251934000000001,0.008873566,0.00538219,0.004211632
227,2009/12/1,0.011903098,-0.0008389539999999999,-0.001594961,-0.004561466,-0.009853035,0.01373337,0.009218681,-0.008318025,-0.004415635
228,2009/12/2,0.038612983,0.04576435400000001,0.000342636,0.000877292,0.0028572520000000002,0.0038308509999999997,0.001006117,0.002869599,0.005985534
229,2009/12/3,0.036468359,0.042937262000000004,-0.008437646,-0.001961561,-0.0027066670000000003,0.037655681,-0.004381808,-7.26e-05,0.0030236679999999998
230,2009/12/4,0.008514453,0.011556348999999999,0.00549437,0.008163663,0.001767682,0.004491949,-0.010462209,0.007764681,-7.46e-05
231,2009/12/7,-0.003723744,-0.011418107,-0.002471451,-0.0056712559999999995,-0.002200676,0.014364648999999998,0.01334176,-0.003357898,0.00040313699999999997
232,2009/12/8,-0.006519958,-0.008669326,-0.010304438,-0.016764488,-0.016632558000000002,-0.002671846,-0.011494464,-0.015214503999999998,-0.006006925
233,2009/12/9,-0.008229144,-0.011447394,0.003665636,-0.007187485,-0.0036827509999999997,-0.013477366999999999,0.004169712,-0.00846942,-0.004478545
234,2009/12/10,0.008292258,0.010238216999999999,0.005822698,0.010774209,0.007752495999999999,-0.01428485,0.010472525,0.008986643,0.0031913540000000004
235,2009/12/11,-0.0042044529999999995,-4.14e-05,0.003676275,0.00824579,0.003274322,0.024542197,0.007811917,0.0030940790000000004,0.005524348
236,2009/12/14,0.016307467,0.01066707,0.00693534,0.007954326999999999,0.010154291,-0.00021668599999999998,0.001183125,0.008030006999999999,0.00432518
237,2009/12/15,0.004990278,-8.190000000000001e-05,-0.00556247,0.0015636839999999999,-0.005565475,-0.002199201,-0.000548103,-0.0014272310000000002,-0.003226927
238,2009/12/16,0.007262630999999999,0.00852825,0.001127594,0.015722357,0.006505713000000001,0.009272117,-0.009990441,0.010294153,-0.001744163
239,2009/12/17,-0.016948928999999998,-0.022729184,-0.011880825,-0.010042756,-0.019492167,-0.00133817,-0.022906153,-0.013355087,-0.009605113
240,2009/12/18,0.003501244,0.0027052540000000003,0.0058129390000000005,-0.002266256,-0.003994475,-0.002142241,-0.0040937740000000005,-0.005558315,-0.003679224
241,2009/12/21,0.022530183999999998,0.019354087,0.010448907,0.016889058999999998,0.018531052,0.00407567,-0.013095523999999999,0.015016334,-0.0037709279999999998
242,2009/12/22,0.004894702,0.00344592,0.00355724,0.002553002,0.006533201999999999,0.018925254,0.022394312000000003,0.007488026,0.009237022
243,2009/12/23,-0.007211305,-0.0075406909999999995,0.002296069,0.001974271,0.00816743,0.015194208999999998,0.002533203,0.004134724,0.007803515
244,2009/12/24,0.00581665,0.01348731,0.005242394,0.007605159,0.005568563,0.0,0.004620241,0.001824665,0.004780622
245,2009/12/25,0.003891123,0.005091265,0.001153372,0.0,0.0064944880000000005,-0.00401396,0.0,0.0,0.00034036900000000003
246,2009/12/28,-0.000811768,-0.001677504,0.0,0.0,0.0,0.013206723,0.0,0.003681056,0.004142079
247,2009/12/29,0.00322285,0.005816643000000001,-0.001401965,0.001436601,0.0,0.000360093,0.00578571,0.004186105999999999,-0.000190542
248,2009/12/30,-0.002274045,-0.004334286,0.00019532799999999998,-0.009043439,-0.007327798000000001,-0.008649774,0.004266393,-0.00746846,0.000340849
249,2009/12/31,0.022138372000000003,0.034372174,-0.010100375,0.015138061000000001,0.002775005,0.010221194,0.0210203,0.000783591,0.00685449
250,2010/1/4,0.010229371,0.014477562,0.015916068999999998,0.0,0.016017643,0.0,0.0,0.016777763,0.00839901
251,2010/1/5,0.013898022,0.024018915,0.003110806,-0.00272182,0.00402802,0.002534611,0.0027800570000000003,0.00131582,0.00806674
252,2010/1/6,0.007956979,0.005706348000000001,0.000545376,0.00040940800000000005,0.001357159,0.004634515,0.006937723000000001,0.000585708,0.00532962
253,2010/1/7,0.0077717490000000005,0.007498474000000001,0.003993283,-0.002483888,-0.0005969230000000001,-0.00465043,-0.00393824,-0.000359589,-0.006374655
254,2010/1/8,-0.003189192,0.000835311,0.002877549,0.003027297,0.001356129,0.010862314,-0.002672088,0.0035544229999999997,0.001229253
255,2010/1/11,-0.016130747,-0.006032639,0.0017452320000000002,0.000478552,0.0007044610000000001,0.007456628000000001,0.002416559,-0.000497677,0.005447372
256,2010/1/12,-0.00454863,-0.004338703,-0.009425438000000001,-0.016272734,-0.0071397809999999996,0.0,-0.005081535999999999,-0.009893407,-0.003729203
257,2010/1/13,0.017559249,0.021362493,0.008291384,0.003383132,-0.004593435,-0.013334968,0.004399805,-7.47e-05,-0.007263451999999999
258,2010/1/14,0.00207392,-0.002075816,0.002423567,0.004307228,0.0045024999999999996,0.015954902,-0.008331836,0.005499697,0.0023126789999999998
259,2010/1/15,-0.013516994,-0.015515838,-0.010882186,-0.019033263999999998,-0.007814821999999999,0.006799546,-0.011860723,-0.011114664,-0.0020564520000000003
260,2010/1/18,0.010044257,0.013494937,0.012422194,0.007220334,0.007123448,-0.011633501000000001,0.006113663,0.005403105,0.0017253960000000001
261,2010/1/19,0.011097873999999999,0.007783483000000001,0.0,0.009740279000000001,0.003397687,-0.008342332,0.00729312,0.005296237,0.002118634
262,2010/1/20,0.00559711,0.002293962,-0.010654438,-0.021128599999999997,-0.016883672,-0.0025466910000000002,-0.024749831,-0.017593107,-0.009050756
263,2010/1/21,-0.003033665,-0.01301137,-0.019126605,-0.018030406000000002,-0.015935776999999998,0.012116266,-0.028707259,-0.013776535,-0.014855548
264,2010/1/22,-0.023856682,-0.027452668,-0.022389806,-0.009027974,-0.0060349309999999995,-0.025898322,-0.0007547739999999999,-0.008199445,-0.012384603999999999
265,2010/1/25,0.005236694,0.003951545999999999,0.004587541,-0.011292033,-0.008084639,-0.007378995,-0.010566043999999998,-0.007667436,-0.004143634
266,2010/1/26,0.000671833,-0.008489498,-0.0042120709999999995,0.006647636,0.003150745,-0.017987842,0.0,0.003881709,-0.017437655
267,2010/1/27,-0.004547723,0.00028776400000000003,0.004868323,-0.004549107,-0.011320443999999999,-0.007114645,-0.006952874,-0.010127460999999999,-0.007275356
268,2010/1/28,0.012852447,0.012920276000000001,-0.011888153,-0.018397215,-0.013856946,0.01569829,0.007929139,-0.012274408999999998,0.010577308999999998
269,2010/1/29,-0.002190987,-0.0009083730000000001,-0.009877766999999999,0.012280943999999999,0.008283224,-0.020983357,-0.002839913,0.010072536,-0.006314758
270,2010/2/1,0.015891732,0.015822193000000002,0.014165355,0.008113140999999999,0.011288078,0.0006842110000000001,0.01773123,0.008520053,0.0018169170000000001
271,2010/2/2,-0.006837607,-0.00318405,0.012889515,0.009711326,0.006818187,0.016142372,0.008838432,0.009226841,0.001154004
272,2010/2/3,-0.0014324560000000001,0.000667055,-0.0054894259999999995,-0.006601821,-0.005732524,0.003199938,-0.000804338,-0.005941013,0.011540841999999999
273,2010/2/4,-0.029575211,-0.040104449,-0.031635816000000004,-0.024784117,-0.021901495,-0.004657935,-0.048466862,-0.027518736000000002,-0.019774104
274,2010/2/5,-0.038300784,-0.053826569000000005,0.002892972,-0.018035461000000003,-0.01537255,-0.029286272000000002,-0.018485573,-0.021005008,-0.02729
275,2010/2/8,-0.030015785,-0.031003435,-0.008902849000000001,0.009251668000000001,0.0061852619999999995,-0.010522409,0.006194626,0.006990165,-0.0038095340000000003
276,2010/2/9,0.017725401000000002,0.024150031000000002,0.012955814,0.002441933,0.003821998,-0.001902969,0.024479016,0.002812647,0.012960538
277,2010/2/10,-0.00510604,-0.00277599,0.007398858,0.0069073730000000005,0.003943854,0.015909378000000002,0.02156801,0.005973752,0.003336998
278,2010/2/11,0.015960155,0.013763276999999999,0.0,-0.005876669,0.005731788000000001,0.0,0.0,0.000520113,0.0111113
279,2010/2/12,-0.00619301,-0.009244139,-0.002748402,-0.000643384,-0.003687892,0.0,-0.004152024,-0.0034731709999999997,-0.002354158
280,2010/2/15,0.0052852590000000005,0.006210933,0.017840667,0.0019452410000000001,0.00484967,-0.007847648,0.021481973999999997,0.0029322859999999997,0.002296293
281,2010/2/16,0.008033964000000001,0.011155246,0.0,0.014594224,0.014714623000000001,0.002090032,0.0,0.01261871,0.005947344
282,2010/2/17,0.029039821,0.032506145,0.004228991,0.010003233,0.006178316,0.026802541000000003,0.0,0.010460354,0.010310325
283,2010/2/18,-0.015578937,-0.024484192999999998,0.006563167,0.005661716999999999,0.00914954,0.002796172,0.008155698000000001,0.007058343000000001,-0.002326162
284,2010/2/19,0.016435847,0.012866975,0.002184195,0.00730372,0.006196607,-0.020735598,-0.003529424,0.0067431819999999995,-0.008235250999999999
285,2010/2/22,-0.013711428000000001,-0.007825399,-0.0010463739999999999,-0.005891087,-0.001139091,0.026983641000000003,-0.006128479,-0.002708243,0.008018818
286,2010/2/23,-0.02262045,-0.032981934,-0.012176613999999999,-0.014942926,-0.006937181,-0.004661600000000001,-0.016145356,-0.011454108999999999,-0.001826145
287,2010/2/24,-0.03476938,-0.043526855999999996,0.009673506,0.0020392929999999997,0.00521675,-0.01491639,-0.004745921,0.003122244,-0.006394627
288,2010/2/25,-0.018702566,-0.020265321,-0.0020831639999999998,-0.014923347,-0.012183446,-0.009543543,0.004942549,-0.014050056000000002,-0.006927661999999999
289,2010/2/26,0.019627036,0.022167027000000002,0.001404348,0.011882495,0.014352198,0.0023798720000000003,0.005760663,0.013824601,0.007745793000000001
290,2010/3/1,0.029306317999999998,0.029827052000000003,0.010107284,0.020341986,0.009553621,0.00453541,0.010842768000000001,0.013641532,0.011574976
291,2010/3/2,0.005696108,0.008177214,0.002327644,0.010974804,0.014362047,0.004881862,0.008162585,0.010262272,0.00828374
292,2010/3/3,0.00432159,0.003799038,0.00042912699999999996,0.007127584,0.008913314,0.003057392,-0.002038104,0.008006659000000001,0.003711996
293,2010/3/4,-0.0050095240000000004,-0.00872609,0.003729217,-0.0038852390000000004,-0.001084952,-0.010532058,0.002569101,-0.000617057,-0.004067471
294,2010/3/5,0.022773381000000002,0.022575537000000003,0.013910299999999999,0.014056986,0.013049525,0.021764786,0.015103242,0.014754495,0.010645201000000002
295,2010/3/8,0.01266815,0.022410944,-0.00017565400000000002,-0.00024674,0.0012314280000000001,0.020708088,-0.003958614,0.001064674,0.009756269
296,2010/3/9,-0.0063352569999999995,-0.012297362,0.001711315,0.00169702,-0.000785083,-0.001727368,0.014491643,-0.000303826,0.001288432
297,2010/3/10,-0.003915514,-0.0029361290000000004,0.004514325,0.008598831,0.006813215,-0.000353026,0.005775516999999999,0.007955017,0.002852183
298,2010/3/11,-0.007161671,-0.005587472,0.00403337,-0.001363635,-0.004139321,0.009518242,-0.0013441629999999998,-0.003856762,-0.002285129
299,2010/3/12,-0.0027446840000000003,0.003557005,-0.00021737,0.002775875,0.001476488,0.008060293,-0.007814672,0.001601952,2.8199999999999998e-05
300,2010/3/15,-0.0050212979999999996,-0.006337363,0.000452076,-0.0070134740000000004,-0.005650891,6.7e-05,-0.004582092,-0.006702784,-0.00754002
301,2010/3/16,0.023990399,0.024778658,0.007749056999999999,0.011357184,0.004726117,-0.002819266,0.013212057,0.008422483,0.006678935
302,2010/3/17,0.019908238999999998,0.027046714,0.005804795,0.008885226999999999,0.0042965,0.011616042,-0.003136078,0.005994462,0.011753411
303,2010/3/18,-0.014267377,-0.018503617,-0.000325895,-0.001988936,-0.000354384,-0.009536449,-0.00037297400000000004,-0.0029905659999999996,-0.000118508
304,2010/3/19,-0.00182161,-0.0077491769999999995,-0.005099485,-0.0049821940000000006,0.001328292,0.007482155999999999,-0.012532106999999999,-0.001628348,-0.001747153
305,2010/3/22,0.008486639,-0.00033317300000000003,0.00508233,0.0008471230000000001,-0.000991624,-0.004682660999999999,0.003089847,-0.001586534,-0.00595858
306,2010/3/23,0.008486611,0.009199750999999999,0.007145391,0.004959705,0.005142217,0.0,0.004984515,0.006135255,0.0020491520000000003
307,2010/3/24,0.014337851,0.015642971000000002,-0.005508385,0.003604767,0.0007576089999999999,0.003787087,-0.0068546909999999996,-0.00018460299999999998,-0.000280023
308,2010/3/25,0.034020727,0.034281822999999996,-0.001705629,0.015437438999999999,0.008715149,0.001277036,-0.006858168,0.009993925,-3.32e-05
309,2010/3/26,-0.007637163000000001,-0.0025391,0.000737463,-0.0021056079999999997,-0.004304243,0.015351348999999999,0.003515045,-0.0033652829999999997,0.0042335820000000005
310,2010/3/29,0.0010159,0.0029870509999999997,0.005667141999999999,0.005995016999999999,0.001349256,-0.000900703,0.018121718000000002,0.0016397870000000002,0.006657004
311,2010/3/30,0.0015201560000000002,0.002899896,4.26e-05,-0.002341598,-0.0067469290000000005,0.010022902,0.00030021700000000003,-0.003988002,0.003322491
312,2010/3/31,-0.00381384,9.21e-06,-0.003278272,0.0018054660000000001,0.001286128,-0.000649026,0.005871807,-0.000537831,-0.0015373989999999998
313,2010/4/1,0.020479928,0.023256492,0.007386521,0.01323924,0.011431697,0.013831836,0.010798081000000001,0.011916153999999998,0.01345158
314,2010/4/2,0.0060750959999999994,0.006670397,0.007896758,0.0,0.00616038,0.003700767,0.002162527,0.0,0.0012291910000000001
315,2010/4/5,0.010027432,0.011553941000000002,0.0,0.0,0.0,0.004703574,0.0,0.0,0.004452219
316,2010/4/6,-0.004077191,-0.0013568010000000001,0.001682879,0.0026666109999999997,0.0,-0.005037669,-0.002724989,0.005250169,0.0029491779999999998
317,2010/4/7,0.004087933,0.011301841000000002,-0.005894051,-0.00477771,-0.0031708929999999997,0.000931112,-0.004270950999999999,-0.003953149,0.0031247759999999997
318,2010/4/8,-0.003990517,-0.006800986,0.00336867,-0.008161901,-0.008610225,-0.011097557,0.013915415,-0.009357213,-0.00362746
319,2010/4/9,0.013150996000000002,0.023087673,0.006661623,0.012538071999999999,0.010153609000000001,0.003230749,-0.005139604,0.013490297,0.003942423
320,2010/4/12,-0.006163386,-0.0035944909999999996,0.0017650629999999999,0.000158395,0.001142996,0.0042358000000000005,-0.011307511000000001,0.002303192,-0.005179159
321,2010/4/13,-0.01276782,-0.01621416,0.0006851089999999999,-0.003182307,-0.0027558009999999996,-0.008090837,0.002517575,-0.003337412,-0.003799375
322,2010/4/14,0.021378817,0.028145887999999997,0.011088384,0.007605621,0.005987213000000001,0.003905017,0.003426713,0.0061868,0.007507331
323,2010/4/15,-0.004650074000000001,-0.0032906009999999998,0.000842168,0.0020763979999999997,0.004939216,0.00612938,-0.007219636,0.0035945240000000004,5.08e-06
324,2010/4/16,-0.014181168999999999,-0.011798023000000001,-0.01625795,-0.017727677,-0.014003168,-0.015339077,-0.015763662,-0.015112856000000001,-0.012591086999999999
325,2010/4/19,-0.001211584,-0.014212047,0.004511129,-0.002991089,-0.00280686,-0.017574433,-0.004663629,-0.005225307,-0.015519306
326,2010/4/20,0.012526916,0.016708116999999998,0.008026026,0.016382873,0.009694645,-0.00074188,0.0031788259999999996,0.012064507,0.008943000000000001
327,2010/4/21,-0.00741867,-0.003765961,-0.0010194310000000001,-0.00541835,-0.010480581999999999,0.017223137,0.000980505,-0.00889712,0.002515698
328,2010/4/22,-0.0019263770000000002,-0.00118032,0.0022612360000000002,-0.009945965,-0.010203185,-0.012791961999999999,0.0,-0.012900103999999999,-0.003179646
329,2010/4/26,0.012008848999999999,0.015475997,0.0027925590000000004,0.026140574,0.015518036,0.019598292,-0.0074354090000000005,0.015972171,0.008768359
330,2010/4/27,-0.014084423,-0.017618883999999998,-0.023659567000000003,-0.027634706000000002,-0.026486482999999998,0.004188857,-0.034882362,-0.029021541,-0.011889142
331,2010/4/28,-0.004895555,-0.020578676,0.006441938,-0.012278971999999999,-0.003020529,-0.026008978,0.002177718,-0.011822851,-0.009722941
332,2010/4/29,0.013199043,0.025293045,0.012860143999999999,0.00990584,0.005569255,0.012065368,0.019639058,0.012360258,0.0029710640000000003
333,2010/4/30,0.004356217,0.008757443,-0.016787736,-0.001499926,-0.011547783,0.0,-0.00661218,-0.006068731,0.004164699
334,2010/5/3,-0.009524497,-0.017841335,0.0130352,0.0050753529999999995,-0.025939946000000002,-0.033259031,-0.00610478,0.0008634210000000001,-0.007586865999999999
335,2010/5/4,-0.018303062,-0.021593711,-0.024127171,-0.026297374,0.0,0.0,-0.034097312000000005,-0.030722352,-0.01250644
336,2010/5/5,-0.015818452,-0.028091900000000003,-0.006608358000000001,-0.008091769,-0.012871003999999998,0.0,0.000693465,-0.013654443999999998,-0.013384166999999999
337,2010/5/6,-0.012077181999999999,-0.024921712999999998,-0.032888466,-0.008459008,-0.015260272,0.0,-0.02337866,-0.017706496000000002,-0.013554058999999999
338,2010/5/7,-0.056752612,-0.076967445,-0.015426628999999999,-0.033241327,-0.026580918,-0.031445667999999996,-0.008599649000000001,-0.033875001,-0.014724997
339,2010/5/10,0.068951684,0.10062069400000001,0.043034725,0.051629978,0.050322689000000004,0.015899612,0.04024732,0.06704246700000001,0.025317648999999998
340,2010/5/11,0.00024302599999999997,-0.010619634,-0.003403127,0.003284778,-0.009923973,-0.011422256,-0.015830571,-0.007264982,-0.006566375
341,2010/5/12,0.02647418,0.03099938,0.013645988999999999,0.023858036000000003,0.0091998,-0.001640942,0.012325743,0.012905352,0.00716741
342,2010/5/13,-0.000807723,0.006190106999999999,-0.012219411999999999,0.011013776999999999,0.009281581,0.021559201,-0.006707098000000001,0.0032409970000000002,0.0057799769999999995
343,2010/5/14,-0.038389961,-0.046439624000000006,-0.018979079,-0.031729866,-0.031938096,-0.014992412,-0.021467282999999997,-0.035458268,-0.011049521999999999
344,2010/5/17,0.005780967,-0.003439788,0.001108852,0.001684314,-7.6e-05,-0.02191092,-0.008647641,-0.00055238,-0.013753547
345,2010/5/18,0.016049266,0.021205697000000003,-0.014297727,0.014564782,0.008477031999999999,0.000671928,-0.032741572999999996,0.013739955,-0.002419064
346,2010/5/20,-0.04538897099999999,-0.0735257,-0.044899189000000006,-0.047922435,-0.045131160999999996,-0.02094789,-0.044516016,-0.046420552000000004,-0.036374727
347,2010/5/21,-0.006232065,-0.008072813,0.014912655,-0.006605063,-0.002012629,-0.02480792,0.034904051,-0.000833535,0.00112439
348,2010/5/24,0.008218708,0.01516534,-0.012992123000000001,-0.004051598,0.001322477,-0.002675136,-0.005725048000000001,-0.001938918,0.00511012
349,2010/5/25,-0.043092095999999996,-0.057318925,0.00035387,-0.023640576,-0.025754897000000002,-0.031067697000000002,-0.012275656000000001,-0.026448367,-0.027590293
350,2010/5/26,0.034723686000000004,0.043782355999999995,-0.005677006,0.015397493,0.019522005,0.006613466,0.01685499,0.019345618000000002,0.02156199
351,2010/5/27,0.007264208,0.014993319,0.032347213,0.03063387,0.030706095,0.012217841,0.031110931,0.029856859,0.017184219
352,2010/5/28,0.013409826000000001,0.019388862,-0.012451871000000002,0.001521461,-0.001309758,0.012705619,-0.002337975,-0.0008671789999999999,0.007175984
353,2010/5/31,-0.015485635,-0.025179175,-0.017314285,0.0030477309999999997,-0.004849455,0.000585715,0.017601298999999997,-0.000316987,0.011325081
354,2010/6/1,0.00138582,-0.007133402,0.0,0.002836193,0.0,-0.005838667,-0.019313905,-0.002435159,-0.015882221999999998
355,2010/6/2,0.013716279,0.017966551,0.025514387000000003,-1.17e-05,-0.0023268,-0.011244189,0.01766298,0.000555776,0.003444305
356,2010/6/3,0.003520353,0.008177155,0.0040432359999999995,0.012202052,0.011561046,0.031866523,-0.020334678999999998,0.012310678,0.011455399
357,2010/6/4,-0.014439061999999999,-0.021635353,-0.035017487,-0.019302705,-0.016484528000000002,-0.001312112,0.0,-0.021691071,-0.006233491999999999
358,2010/6/7,-0.005624349,-0.015977303999999998,-0.013624434,-0.005729581,-0.011162341000000001,-0.039176073,-0.008025503,-0.009470185,-0.015968381
359,2010/6/8,-0.011897225,-0.014532624,0.01091624,-0.0061833980000000005,-0.008121108,0.00179865,0.01093973,-0.008124869,0.0007236289999999999
360,2010/6/9,0.011865737,0.015006206000000001,-0.005959341,0.019606982,0.011429826,-0.010413714000000001,-0.00611345,0.015901475,0.0017334
361,2010/6/10,0.010203012,0.012652948,0.029079822,0.011932368,0.009120865,0.01090741,0.025216548999999998,0.015173935,0.010020454
362,2010/6/11,0.004905756,0.015163323000000001,0.004370107,-0.001447405,0.006060507,0.016895752,0.008779882,0.007070273,0.00877387
363,2010/6/14,0.01005563,0.017462519,-0.001806321,0.012679226000000002,0.007409013000000001,0.017830353,-0.001132628,0.01186348,0.007877899
364,2010/6/15,0.013067872,0.007567691999999999,0.023222472999999997,0.008138223,0.003013467,0.000813447,0.014206139,0.006593924,0.007188407
365,2010/6/16,-0.000326348,0.005878306999999999,-0.000556094,0.002565108,0.003844798,0.017966872,0.00478355,0.000989027,0.0033326109999999996
366,2010/6/17,0.008616579000000001,0.01079917,0.001282138,0.005256789,0.003050003,-0.006752556999999999,-0.0032484640000000004,0.002465087,0.002606371
367,2010/6/18,0.00251849,0.006836577,0.00131629,-0.001054618,-0.000590212,-0.000438122,-0.00159716,0.00221193,0.002134784
368,2010/6/21,0.004246468,0.008193586,-0.003864245,0.012148879,0.009156549,0.024020296,0.006049513,0.009956113,0.017326939
369,2010/6/22,-0.004728047,-0.011254901000000001,-0.016201322,-0.0038099040000000002,-0.00988051,-0.012296416999999999,-0.000277692,-0.007960963,-0.006912794
370,2010/6/23,-0.019495737,-0.022131099999999997,-0.0029899220000000003,-0.010345174,-0.013141046000000002,-0.018885012,0.005370442,-0.013176245,-0.002068345
371,2010/6/24,0.000166157,-0.008024183,-0.016946193000000002,-0.014454797,-0.015235684,0.000467458,-0.01894756,-0.017800734,-0.006716705999999999
372,2010/6/25,-0.000920201,-0.003590842,0.002855218,-0.007365815,-0.010584821000000001,-0.019410937,0.013777682,-0.007953517,-0.0023107320000000002
373,2010/6/28,0.010131759,0.016951145,-0.0020359510000000003,0.01416793,0.004981133,-0.0044814090000000004,-0.009283362,0.00912492,0.00053971
374,2010/6/29,-0.021815769,-0.028443062,-0.031508271000000004,-0.033893039,-0.031547094,-0.012797735,-0.03561306,-0.034902985,-0.021032886
375,2010/6/30,-0.006830443,-0.006194951,-0.010164425,0.002263889,0.0005492769999999999,-0.01984204,-0.01695535,0.002201934,-0.006962182
376,2010/7/1,-0.0055805130000000005,-0.007677619,-0.003245746,-0.018285286,-0.022854729,-0.02057115,0.004911119,-0.022401697999999998,-0.006819675
377,2010/7/2,0.020009067,0.026056594,-0.004673293,-0.003982358,0.00669856,0.00131664,0.003163063,0.0035605790000000003,0.000513917
378,2010/7/5,0.001419823,0.007375233,0.0053446859999999995,-0.003081455,-0.003022276,0.0068292990000000005,-0.009240018000000001,-0.0037385929999999997,-0.0009269739999999999
379,2010/7/6,0.019062249,0.022922606,0.0,0.021226975,0.028913492000000002,0.0076604180000000004,0.019523926,0.026362864,0.015586943
380,2010/7/7,0.00019016400000000002,-0.0007137189999999999,0.030850062,0.008694658000000001,0.009980243,-0.00627255,0.01945031,0.012938215,0.000986979
381,2010/7/8,0.009585146999999999,0.015335578999999998,0.009368673000000001,0.00711645,0.01792485,0.027223014,0.003029349,0.012232775,0.007505103000000001
382,2010/7/9,-0.0034008059999999997,-0.0023665360000000002,0.007178100000000001,0.0048889020000000005,0.005352411999999999,0.005185917,-0.008162278,0.005906262,0.008605912
383,2010/7/12,0.007303680999999999,0.002454421,0.000732597,0.001968305,0.006621448,-0.0038895320000000002,0.0,0.003920399000000001,0.002228034
384,2010/7/13,0.012237341,0.012557158999999998,0.015261853999999998,0.018575203999999998,0.019927848999999997,-0.001140142,0.011465153999999998,0.018808495,0.003910511
385,2010/7/14,0.000388746,0.009663843,-0.000155215,0.003004625,-0.003325577,0.026693466000000002,-0.003255616,-7.340000000000001e-05,0.0036162720000000002
386,2010/7/15,-0.010542271,-0.007802002,0.001195446,-0.009774236,-0.008065176,-0.011263533999999999,0.00015752,-0.009217096999999999,-0.004870161
387,2010/7/16,0.000683248,0.004743860999999999,-0.029242932000000003,-0.017899298,-0.010105966,-0.029034362999999997,-0.018279429,-0.015674885,-0.0064727790000000006
388,2010/7/19,0.006648115,0.001609521,0.005964074000000001,-0.005172062,-0.002056815,-0.011534794,0.015250702,-0.00339961,0.00010505200000000001
389,2010/7/20,0.001949078,0.00488972,0.011351891999999999,-0.006950248000000001,-0.001710765,0.0,0.018253481000000002,-0.003202757,0.007196694
390,2010/7/21,0.021523652999999997,0.027040454,-0.012902686000000002,0.0038284459999999997,0.014506585,-0.0023284000000000004,0.000217155,0.009445343,0.008880124
391,2010/7/22,0.007114931999999999,0.008759167,0.022263616,0.025019995,0.018844826999999998,-0.006264984,0.019520681,0.021510897999999997,0.00618863
392,2010/7/23,-0.010400280999999999,-0.006501973,0.008186429,0.003930625,-0.00022585299999999998,0.022527417,0.008707493,0.00094104,0.007336415
393,2010/7/26,0.0035039999999999997,0.0029769540000000004,0.011137931,0.004509516,0.00722079,0.0076790930000000006,0.001807692,0.00650243,0.0023044610000000003
394,2010/7/27,0.013706542,0.018680978,-0.001049869,0.002112645,0.002724696,-0.000716823,0.003470635,0.0055024919999999995,0.002006969
395,2010/7/28,0.0012488689999999999,0.002580017,-0.0069460680000000006,-0.004580894,-0.008609931999999999,0.026642449,0.002007762,-0.004554765,0.000772417
396,2010/7/29,0.0054968859999999994,0.005429191,-0.004167314,-0.007185559,-0.001072063,-0.0058871209999999995,0.002182983,-0.0032076690000000002,0.0014322710000000002
397,2010/7/30,-0.014436418000000001,-0.015301668999999999,6.35e-05,0.002160769,-0.010594121000000001,-0.016505065,0.008343979,-0.006165908,-0.003294977
398,2010/8/2,0.013711065,0.022125061,0.02178352,0.023177700000000002,0.026111046000000002,0.003455171,0.014732094,0.025194828,0.015749215
399,2010/8/3,-0.010180284,-0.006415476999999999,-0.004807873,0.002504755,-0.00011117700000000001,0.012842571,-0.007618303000000001,0.000501044,-0.002498259
400,2010/8/4,-0.003298125,-0.008065884,0.006032851999999999,0.003705923,-0.0019104679999999998,-0.021339106,0.00403614,0.000769452,0.00157399
401,2010/8/5,-0.0046456579999999996,-0.005918982,-0.0012693910000000001,0.000355312,-0.003794647,0.017194987,0.002048521,-0.0019610770000000003,-0.0006400490000000001
402,2010/8/6,0.002511476,0.005730526999999999,-0.003710877,-0.011744559,-0.0062440609999999995,-0.001223049,-0.004644459,-0.010199694,-0.001846139
403,2010/8/9,0.0022171770000000003,0.008207606999999999,0.005468066,0.014585672,0.014540092,-0.0072476419999999995,-0.003427558,0.013367948000000001,0.0036115270000000002
404,2010/8/10,-0.012028845,-0.017887816,-0.005985299,-0.010342041,-0.006322505,-0.002242264,-0.00946078,-0.007752502,-0.009966402
405,2010/8/11,-0.017302052,-0.025658663999999998,-0.028583327000000002,-0.021251057,-0.024705632999999998,-0.027405809,-0.0215476,-0.024910185,-0.01411308
406,2010/8/12,0.003930899,-0.003832495,-0.00539328,-0.003075864,0.003976678,-0.00867426,0.0026716070000000003,0.000432349,-0.005318878000000001
407,2010/8/13,0.0016455089999999999,0.006947231,-0.0040317040000000005,-0.004043914,0.001764455,0.004426509,0.004507306,-0.000208761,0.0047252679999999995
408,2010/8/16,0.005847453000000001,0.006578535999999999,0.00012044700000000001,2.62e-05,0.000132683,-0.006156074,0.0065881740000000005,-0.0006903289999999999,0.003266443
409,2010/8/17,0.01082305,0.020238128,0.012118458,0.015560959,0.014002826000000001,-0.003811894,0.013136331000000001,0.014231898,0.004805849
410,2010/8/18,-0.000327821,-0.000327362,0.001481685,-0.0032422320000000003,-0.008936174,0.008570758000000001,0.000798687,-0.004438279,0.00013057700000000002
411,2010/8/19,-0.010043636,-0.012118576,-0.017080408999999998,-0.018135398,-0.017424496,0.013131249,-0.011165327,-0.016559421,0.00113875
412,2010/8/20,-0.001691507,-0.009961145,-0.003669695,-0.011584289,-0.0030749740000000003,-0.01977191,-0.003144563,-0.009876181999999999,-0.002496244
413,2010/8/23,0.0023891470000000003,-0.000396464,-0.0040485320000000005,0.000957052,0.007574268,-0.006852865,-0.010478088,0.0056660190000000004,-0.00146846
414,2010/8/24,-0.004548585,-0.013976188999999998,-0.014618777,-0.01263499,-0.015167554,-0.013422368,-0.012597583,-0.015370175,-0.00973058
415,2010/8/25,-0.0057746,-0.002290255,0.003283982,-0.00607356,-0.009079105,-0.016788011999999998,-0.005432496,-0.009328747,-0.009662437
416,2010/8/26,0.013165613,0.015274597,-0.00771448,0.002214683,0.009040314,0.006882681999999999,-0.014549103,0.008409564,-0.0007553760000000001
417,2010/8/27,0.004862007,0.005853075,0.016450715,0.006505555,0.008843976,0.009451649,0.026544215,0.008337548,0.005080761
418,2010/8/31,0.010504082,0.006812423000000001,-0.014437883,-0.004370022,0.004526804000000001,-0.018748669,-0.006731457,0.000375835,0.00200541
419,2010/9/1,0.011817165,0.015375877,0.029077658,0.026428121000000002,0.026664217999999996,0.011600551,0.029166024,0.028944995,0.014404658999999998
420,2010/9/2,0.0029655009999999997,0.009657952,0.009039911999999999,-8.22e-06,0.0008568180000000001,0.015099903999999999,-0.003958745,0.0007773589999999999,0.0036541029999999997
421,2010/9/3,0.002184557,0.006114259,0.013132363000000001,0.008310416999999999,0.010575053999999999,0.00564342,-0.0019327729999999998,0.009502452,0.005049774
422,2010/9/6,0.00167273,0.0055482959999999994,-0.011537451,0.003323122,0.002042826,0.020330368999999997,0.001019292,0.002650618,0.007314074
423,2010/9/7,-0.005813995,-0.012223346000000001,0.0,-0.006053993000000001,-0.005789635,-0.00813074,-0.00510688,-0.0077609309999999996,-0.001896565
424,2010/9/8,-0.002285365,-0.002284646,0.006418033,0.007580031,0.004041528,-0.022071403,0.0,0.006180087,-0.003641465
425,2010/9/13,0.026892713999999998,0.036792574,0.020741297,0.015651223,0.024702943999999998,0.032403707000000004,0.024161011,0.020395796,0.022418509
426,2010/9/14,0.003509248,0.000956115,-0.00071333,0.0021903020000000003,0.000341331,-0.002417685,-0.004995479000000001,0.000484693,0.000165775
427,2010/9/15,0.014597561,0.018699349,0.00353491,-0.002159959,-0.002121731,0.023093235,0.0061119930000000005,-0.003291133,0.0033231940000000002
428,2010/9/16,0.00527176,0.006212222,-0.00036448800000000005,-0.0019534,-0.002793877,-0.00074214,-0.006540496,-0.003385827,-0.004882582
429,2010/9/17,0.0020254739999999998,-0.000664324,0.000826575,-0.006403214,-0.005720197,0.012185821999999999,-0.008519406,-0.005119605,0.0031067359999999997
430,2010/9/20,0.006672435,0.006603581,0.015095292,0.013566698,0.016920573,-0.002494255,0.01627783,0.014510753999999999,0.006771126
431,2010/9/21,-0.002567317,0.000326055,-0.002567373,-0.002959298,-0.004705386,0.0,-0.006931136,-0.0026362340000000003,0.0007919610000000001
432,2010/9/22,0.005511668000000001,0.010378034,-0.004837173,-0.010837709,-0.0043673290000000005,-0.003734269,0.008908941,-0.009540356,0.00031816900000000004
433,2010/9/23,-0.004453821,-0.00688954,-0.008366175,-0.0038118220000000003,-0.0008649430000000001,-0.009943358000000001,0.0068408,-0.004187824000000001,-0.00023788900000000003
434,2010/9/24,0.0007611689999999999,0.0023149670000000002,0.020972837999999997,0.018199639,0.009223436,0.0,-0.00873062,0.013605931000000002,0.001377145
435,2010/9/27,0.005987659,0.012779852,-0.005683545,-0.0030865420000000003,-0.004493424,0.01378489,0.009050364,-0.0046539070000000005,0.005533577
436,2010/9/28,0.014784496000000001,0.015942484,0.004838733,-0.00044603800000000006,0.0008967160000000001,-0.011244745,0.005969129,0.000129939,-0.00096579
437,2010/9/29,-0.000587001,0.010183485,-0.0025911379999999998,-0.004658633,-0.0016326239999999998,0.0066774880000000005,0.0,-0.00372329,0.006145259
438,2010/9/30,0.0033959859999999997,0.008789053,-0.003088461,-0.002869525,-0.0037237290000000003,-0.020079148,0.0029136459999999998,-0.002052123,0.00351221
439,2010/10/1,-0.013648916,-0.010596541999999999,0.00440668,-0.002842363,0.007952293000000001,0.003715865,0.01144228,-5.6399999999999995e-05,0.005174924
440,2010/10/4,0.008169493,0.008242206,-0.008067421,-0.012495353,-0.006619511,-0.002466825,0.002218841,-0.008419221,0.004925464
441,2010/10/5,0.013186098,0.011309613999999999,0.020646748,0.013217963000000001,0.014260682,0.014571825,0.012677698000000001,0.015770769,0.003481782
442,2010/10/6,0.008959156999999999,0.027594181000000002,-0.000672205,0.008793511,0.008058574,0.017977402,-0.010463769,0.007364936,0.0049542629999999995
443,2010/10/7,-0.001807411,0.0008861289999999999,-0.0016479510000000001,0.0008798930000000001,-0.003402833,-0.000683311,-0.008870974,7.759999999999999e-05,-0.005292130999999999
444,2010/10/8,0.006841091999999999,0.000196004,0.006103643000000001,0.0024538679999999997,-0.0007950739999999999,-0.009954585,0.012662983999999999,-0.0007155530000000001,0.000977497
445,2010/10/11,0.026176163,0.037795036000000004,0.000145893,0.002831483,0.002612535,-0.021103646,0.0019329129999999999,0.003023713,0.003226381
446,2010/10/12,0.009736797,0.000373868,0.0038114209999999997,-0.000783252,-0.0019057710000000001,0.0,0.010222987,-0.002811905,-0.004085144000000001
447,2010/10/13,0.007033826,0.015684163,0.007095823,0.020402478999999998,0.015041041000000002,0.001582576,0.0,0.016923241000000002,0.011802246
448,2010/10/14,-0.013504077,-0.004128521,-0.0036481029999999998,0.003219605,-0.003520824,0.018960888999999998,0.00023715400000000003,-0.002618464,0.005034855
449,2010/10/15,0.012567728,0.007688495,0.002025533,0.005720008,-0.004164267,-0.008725799000000001,0.001923051,-0.00085113,-0.003161803
450,2010/10/18,0.005076448,-0.00814098,0.007217618,0.003740512,0.006832166999999999,-0.000185275,-0.001309502,0.0038269940000000002,-0.005227974
451,2010/10/19,-0.008827632,-0.007695881,-0.016004698,-0.003988529,-0.006744504,0.004302993,-0.026442219,-0.00475292,-0.00603372
452,2010/10/20,-0.006813227,-0.011326735,0.010469065999999999,0.0052031429999999995,0.004373389,-0.016685508,0.007713788,0.004381638,0.000442375
453,2010/10/21,0.015531853,0.022096172,0.001772366,0.013164456000000001,0.005049285,-0.0005458980000000001,-0.010752868999999998,0.008504807,0.0049848670000000005
454,2010/10/22,0.00786829,0.00179629,0.002386454,-0.000782335,-0.002869742,0.005342723000000001,-0.001753101,-0.00251091,8.92e-05
455,2010/10/25,-0.001169304,0.008520975,0.002144637,0.0050388740000000005,0.001844537,-0.002714063,0.000718856,0.002497145,0.0068811869999999995
456,2010/10/26,-0.002500309,-0.006401926,1.6899999999999997e-05,-0.003834605,-0.007801563,-0.00253268,0.016534014,-0.006240309,0.002830117
457,2010/10/27,-0.030981288,-0.042735496,-0.0026941559999999996,-0.0069490030000000005,-0.010798727,0.001028543,-0.002420229,-0.00775805,-0.010151847
458,2010/11/1,0.007058143,0.014432573,0.001630874,0.00559637,0.008571028,-0.025059356,0.013959278,0.004239755,0.014253551000000001
459,2010/11/2,-0.008025245,-0.001306691,0.007729385,0.007459023,0.010967626999999999,0.000574402,0.004795570999999999,0.007955496999999999,0.00046551599999999997
460,2010/11/3,0.0012020989999999999,0.007039443,0.0036712940000000003,-0.005501776999999999,-0.001460057,0.021470945,0.0,-0.005426311,0.005992172
461,2010/11/4,0.032986428,0.042670292,0.019099223999999998,0.017508792,0.019601379,0.0,0.015058842,0.016419017,0.010736761000000001
462,2010/11/5,-0.001781987,-0.004374118,0.003915147,0.002892753,0.002146838,0.028151792000000002,-0.005343309,-0.001128411,0.004165555
463,2010/11/8,0.002284926,-0.00573413,-0.00212323,-0.000547957,-0.004332482,0.011047221999999999,0.000688402,-0.002137489,0.0031281959999999998
464,2010/11/9,0.00845291,0.00852324,-0.008084915,0.00551178,0.004298441,-0.003956271,-0.01355192,0.005811444,-0.001644294
465,2010/11/10,-0.013824293,-0.016602556,0.0043665859999999996,-0.010064011999999999,-0.009972628,0.013934149,-0.000572158,-0.010570965,-0.002221212
466,2010/11/11,-0.006769931,-0.011877058000000001,-0.0042512140000000006,0.000531122,-0.000292295,0.003142399,-0.006203068000000001,-0.0034190009999999996,-0.007652558
467,2010/11/12,-0.007617876,-0.017336606,-0.011878701,0.001664435,-0.003151887,-0.013953878999999999,-0.011698188,-0.002616897,-0.011377315
468,2010/11/15,0.006377468000000001,0.0063788609999999996,-0.00121821,0.008216076,0.004045696,0.010505243999999999,-0.01048581,0.006972103,-0.001439076
469,2010/11/22,-0.030041874,-0.035632732,7.509999999999998e-05,0.004684035,-0.02427692,0.028852659,0.0,-0.013762476000000001,-0.001827509
470,2010/11/23,-0.023701804,-0.037541093,-0.014387044,-0.017306496,-0.017670343999999998,-0.008446685,-0.024422303,-0.020006461,-0.015299988999999998
471,2010/11/24,0.013406293,-0.000448648,0.014812718999999998,0.017562985,0.013489669,0.0,0.024364857,0.010218959,0.005590222
472,2010/11/25,-0.001218191,0.00353471,-0.007496632,0.008152731,0.00736178,0.004937884,-0.00384198,0.005656774,0.000366897
473,2010/11/26,-0.01502137,-0.023631065,0.0,-0.004469496,-0.005313359,-0.003996164,-0.016513443,-0.005822911,-0.009088137
474,2010/11/29,-0.031880777,-0.034779442,-0.0013797979999999998,-0.022295241,-0.020981722999999997,0.008572096999999999,-0.004671876,-0.020118926999999998,0.000543172
475,2010/11/30,0.019760498999999997,0.01117932,-0.006088749,-0.001416357,-0.004097738,-0.018836196,-0.002993816,-0.005513605,-0.004997913
476,2010/12/1,0.012248015,0.019146304,0.021386707999999997,0.026285309,0.020446876,0.005120189,0.023948433999999998,0.022416874,0.015463595
477,2010/12/2,0.011764491,0.016953001000000002,0.012737031999999999,0.013162577,0.02192882,0.017907295,0.0026066999999999996,0.019000469,0.011647698
478,2010/12/3,-0.001179229,0.004102904,0.00259991,-0.001422476,-0.00387392,0.000963295,0.0034316190000000003,-0.001358638,0.002133719
479,2010/12/6,0.012661171,0.010356506,-0.00129911,0.000958129,0.004341943,-0.001090165,-0.0030721109999999998,-0.000184585,0.0029512059999999996
480,2010/12/7,0.002380343,0.008157404,0.000514944,0.006811291999999999,0.00659829,-0.00257333,-0.0030815779999999997,0.008135224,0.001068524
481,2010/12/8,-0.002490964,-0.012462408000000001,0.003694902,-0.003725918,-0.00241317,0.008955842,-0.016915168,0.001569353,-0.007649549
482,2010/12/9,-0.026805079,-0.03185293,0.0038354070000000003,-0.0016800539999999998,0.002327086,0.005219765,-0.00435122,0.002307034,0.000968207
483,2010/12/10,-0.017676197,-0.020089707,0.005983684,0.006014192,0.0008605110000000001,-0.007213478000000001,0.006797803000000001,0.0006814039999999999,-0.000892236
484,2010/12/13,0.024729439,0.022188263,4.84e-05,0.003308742,0.008189324,0.007991912,0.011406415,0.0056873240000000005,0.005150131
485,2010/12/14,0.0019455170000000001,0.004689318,0.000910538,-0.000283137,0.005173599,0.002220211,-0.005556013,0.002944845,0.002970905
486,2010/12/15,-0.015310023,-0.026703272000000004,-0.005135629,-0.0015708039999999999,-0.00152887,-0.000677767,-0.012780801999999999,-0.003066529,-0.005433699
487,2010/12/16,-0.016466636,-0.019641181,0.006166034,0.001143812,-0.000187022,0.000146452,-0.008344725,0.000570854,-0.005280788000000001
488,2010/12/17,-0.014150672,-0.016985296,0.000836423,-0.0059899440000000005,-0.0015825879999999998,-0.0007237410000000001,0.009978869,-0.0035725540000000004,0.0036264229999999997
489,2010/12/20,-0.000355833,-0.017391671,0.002545174,0.00516391,0.0033663770000000003,-0.00852042,-0.010603079,0.0037375390000000002,-0.003564993
490,2010/12/21,0.020543856,0.018217236,0.006011978,0.008426201,0.010166086999999999,0.014972879,0.014039307,0.01055667,0.009468899
491,2010/12/22,0.00952841,0.012176661,0.003373865,-0.001423733,0.0053119859999999994,-0.002321765,0.003745816,0.001131094,0.00132698
492,2010/12/23,0.011830075,0.012478901,-0.0016457239999999999,-0.0014484329999999998,0.002103577,-0.006524902,0.00021904700000000002,0.0008880000000000001,-0.000207937
493,2010/12/24,0.000730038,0.004232967,0.000612494,-0.012397848999999999,0.002132446,0.0,-0.010022903,0.000183047,-0.002474851
494,2010/12/27,0.00134576,0.000634,0.0,0.0,-0.002082414,0.007443633000000001,0.0,-0.005860665,-0.002416689
495,2010/12/28,0.001285406,0.00043838199999999996,0.00077105,0.000196517,0.0,-0.006136991,0.0035040229999999998,0.000208575,-0.000195527
496,2010/12/29,0.0041714790000000005,-0.005581774,0.0010086210000000001,0.0033463259999999997,0.0,0.005030739,0.013300146,0.001923258,0.007861466
497,2010/12/30,0.0015346510000000002,0.008438498000000001,-0.0015093379999999998,-0.011686975,-0.004244872,-0.011239842,0.005106443,-0.00919071,0.00331358
498,2010/12/31,-0.012311843999999999,-0.006861096999999999,-0.000190815,0.0,-0.011979016,0.016404095,0.009435184000000001,-0.006157861,0.002789387
499,2011/1/3,0.024002222,0.017515472,0.01125131,0.010867538000000001,0.019138055,0.0,0.0,0.00963293,0.00816767
500,2011/1/4,0.009040201,0.01104759,-0.00131389,-0.002060854,0.0,0.0,0.005075574,0.006576534,0.004238755
501,2011/1/5,0.008859545,0.011780211,0.004994592,-0.005106668,0.004976042,-0.001668041,0.010932935,-0.000548291,-0.001180117
502,2011/1/6,0.0069823559999999995,0.00685022,-0.002125149,0.0059722,-0.0040453,0.014250478,-0.007228096999999999,-0.000620243,-0.0026460259999999997
503,2011/1/7,-0.007835122,-0.018754846999999998,-0.001846505,-0.004817217,-0.005864826,0.001070676,-0.007423453000000001,-0.005461397,-0.00681971
504,2011/1/10,-0.013108757,-0.02632467,-0.001377275,-0.013152041000000001,-0.00468989,-0.0028843270000000003,0.000998688,-0.009845709000000001,-0.00670868
505,2011/1/11,-0.003035482,0.001794767,0.003718222,0.012249195,0.009640602,0.0,0.00421203,0.012638036000000002,0.0047726140000000005
506,2011/1/12,0.003760527,0.009064051,0.008967269,0.018159931,0.006083883000000001,0.00020167900000000002,0.017035947,0.014396731000000001,0.011872228
507,2011/1/13,0.009546783,0.016297588000000002,-0.0017122489999999999,0.000895086,-0.004439078,0.007293934,-0.012813303,-0.00036748900000000003,-0.0021093220000000003
508,2011/1/14,-0.010199048,-0.004700228,0.007357425999999999,8.340000000000001e-05,-0.003625482,-0.008603672,0.003091891,-0.0007612389999999999,0.00023762
509,2011/1/17,-0.015563411000000001,-0.015367701999999999,0.0013754420000000002,0.00033348,-0.002736117,0.00036377699999999997,-0.004676834,-0.002146761,-0.004536707
510,2011/1/18,-0.006049411,0.004579527,0.0,0.009195994,0.011742273000000001,0.001533643,0.004394866,0.010994785,0.0024058770000000003
511,2011/1/19,0.000520727,-0.0032090070000000003,-0.010167185,-0.008532191,-0.013246988000000001,0.003617375,-0.012229011000000001,-0.01064461,0.001085768
512,2011/1/20,-0.017835035,-0.03165166,-0.001295772,-0.008292367,-0.018371758000000002,-0.011411733,-0.0071050290000000006,-0.010087879000000001,-0.010442021999999999
513,2011/1/21,0.00974406,-0.000510833,0.002410664,0.005416474,0.004828217,-0.015719842,-0.006186255999999999,0.00839604,-0.006853521
514,2011/1/24,-0.011067076,-0.007426254,0.005819323,0.0007572439999999999,0.008040448,0.0068468999999999995,0.004243655,0.004157979,-0.001144755
515,2011/1/25,-0.00074888,0.004638645,0.00026336,-0.001240198,-0.004417624,0.011466987,-0.010395646,-0.0040441520000000005,-0.0008854889999999999
516,2011/1/26,0.012326085,0.005404401999999999,0.004212062,0.009634680999999999,0.008665055,-0.00599245,0.0,0.007096901,0.005018525
517,2011/1/27,-0.014082114,-0.014976415,0.002241765,0.0039529759999999995,-0.000687095,0.007352326,-0.009622771,0.00191942,-0.001148903
518,2011/1/28,-0.028498178,-0.038598966,-0.018013749,-0.007403399000000001,-0.014130991,-0.011355753,-0.020082456999999998,-0.010477804,-0.009911919
519,2011/1/31,0.001056216,-0.008883033,0.007633327,-0.00357116,-0.003150467,-0.011886581,-0.001845836,-0.002649511,-0.005788719
520,2011/2/1,0.024115792999999996,0.035256817,0.016555814,0.014976001999999999,0.016056924,0.0035666229999999997,0.018926038,0.015088586000000001,0.006223865
521,2011/2/2,0.007446755,0.014238623999999998,-0.0027262790000000003,-8.35e-05,0.00707485,0.017640938999999998,-0.017230143,0.001617824,0.003631322
522,2011/2/3,-0.02447813,-0.027850187999999998,0.0023514729999999998,0.0013924679999999998,-0.002803881,-0.002489383,0.001153964,-0.0028834679999999997,0.000476055
523,2011/2/4,0.02450661,0.013959227,0.002880096,0.003127022,0.002353787,0.010694799999999999,-0.0226618,0.0027611479999999997,-0.003184935
524,2011/2/7,-0.0061961,0.008552888,0.006220742,0.009298107,0.008897506,0.004591322,0.0014238579999999999,0.008216678,-0.00334572
525,2011/2/8,0.005355586999999999,0.006885706,0.004176098,0.005424862,0.006637975999999999,0.0041398170000000005,0.006237962,0.003980283,-0.004498994
526,2011/2/9,0.004822987,-0.00325487,-0.0027896970000000003,-0.000319582,-0.006423159,-0.001707929,-0.023895466,-0.0030240609999999998,-0.014248555
527,2011/2/10,-0.017664432,-0.024920602000000004,0.00074922,0.0026437179999999998,-0.005351106,-0.001147786,0.00559025,-0.003742423,-0.014759632
528,2011/2/11,0.004782286,0.00641822,0.005492239,0.004203526,0.007100974,0.011240935,0.018077126000000002,0.004727187,0.003930882
529,2011/2/14,-0.002497928,0.000404514,0.0023821429999999998,0.0034439759999999996,-0.00046193199999999997,0.0,0.012122826000000001,0.00016853200000000002,0.013448054
530,2011/2/15,0.0036063759999999997,0.000892722,-0.003240202,0.000460915,-0.003802537,0.001968126,-0.0032656409999999997,-0.00054988,-0.001430447
531,2011/2/16,0.008599055999999999,0.013399898,0.006237986,0.001925162,0.007952263000000001,0.005717493000000001,0.01837079,0.0069746090000000005,0.0030389859999999996
532,2011/2/17,0.009310309000000001,0.015977203,0.0030708909999999996,-0.00118625,0.00034503400000000003,0.0026195529999999997,0.0016856929999999998,-0.000580515,0.001038585
533,2011/2/18,0.000190969,-0.0016526020000000002,0.001922906,0.002872108,-0.0007230660000000001,0.00056828,0.005627925,0.000571574,0.006937873000000001
534,2011/2/21,-0.013069043,-0.013705988,-0.020742153,-0.014238861,-0.011274896999999999,0.0013575829999999999,-0.011941676000000002,-0.012615329,-0.000957736
535,2011/2/22,-0.007246324,-0.01944185,0.0,-0.000472672,-0.002997105,-0.017919626,-0.012251554,-0.0054648940000000005,-0.014296931
