0,1,2,3,4,5
0.5693321,0.7137239,0.78048515,0.38009048,0.47054648,0.4068935
0.47788072,0.35756683,0.41635942,0.43434668,0.5042186,0.36120272
0.374995,0.4015026,0.29004514,0.3172722,0.44483113,0.5167303
0.5149374,0.5117724,0.50394213,0.37060833,0.44829082,0.40718794
0.6055491,0.43528104,0.3137033,0.4772663,0.61723685,0.36618638
0.37458634,0.3134873,0.40273106,0.43196154,0.41844773,0.31023526
0.29711652,0.3849256,0.42927814,0.37608814,0.40471768,0.36632013
0.29202175,0.33037925,0.34500945,0.22790289,0.29195142,0.27025008
0.7237885,0.7055578,0.76876175,0.4023142,0.43077207,0.44821715
0.5918348,0.59225345,0.59420955,0.38887048,0.40483713,0.30350542
0.6982417,0.7800324,0.78053904,0.08519316,0.27333546,0.29152036
0.592777,0.6319039,0.67873526,0.21075463,0.3299353,0.3546908
0.22105694,0.4121492,0.56753945,-0.71421397,-0.21750665,0.05385828
0.095458984,-0.072523594,0.12653244,-1.5671369,-0.7435137,-0.053476572
0.09320712,0.037072897,0.14787292,-1.047828,-0.4947741,-0.04559517
0.3971963,0.6146705,0.66053545,-0.2792455,0.19092846,0.4226954
0.6692555,0.65208864,0.55443144,0.31864905,0.36427903,0.29324412
0.5087173,0.39421606,0.549693,0.3138094,0.40043926,0.2742591
0.4290042,0.4451673,0.45935392,0.24271679,0.36779857,0.24518967
0.39700556,0.36526132,0.35599077,0.3891282,0.42218876,0.3073554
0.57721305,0.62190557,0.5779617,0.23515391,0.3130443,0.27946568
0.45140886,0.41776013,0.3112377,0.10532904,0.2812538,0.1833098
0.37067986,0.4137833,0.41798794,0.09993482,0.18325305,0.15063405
0.49743676,0.5090115,0.43900454,0.17379713,0.3300624,0.22143483
0.39794016,0.40423298,0.40012288,0.19243479,0.36676574,0.33641934
0.4154806,0.3621316,0.37777567,0.1624341,0.3431487,0.22769547
0.31593537,0.18763065,0.24627554,0.18535376,0.35363412,0.2678969
0.41896057,0.3199439,0.29115868,0.17623758,0.32882118,0.18042445
0.38382745,0.42547178,0.37968576,0.17717648,0.2863524,0.13359785
0.40665126,0.45276904,0.45809293,0.0903976,0.2702062,0.21924925
0.14011168,0.20203471,0.21213639,-0.22130299,-0.025460958,0.1431179
0.12671757,0.13776541,0.1552149,-0.17299843,0.08741474,0.14825177
-0.08368909,-0.20510292,-0.024213314,-0.87003696,-0.5211495,-0.12855148
-0.038626313,0.014746666,0.12364912,-0.7097697,-0.17647505,0.101848125
0.11592722,0.1935215,0.26990724,-0.40660667,-0.03095889,0.30012846
0.1968317,0.13444352,0.3644806,-1.1285899,-0.43134987,0.17555904
-0.08521652,0.09690094,0.33938086,-1.2670523,-0.4618852,0.16464138
0.5212209,-0.010581017,0.22939861,-1.1405417,-0.28803086,0.312083
0.3381629,0.32950854,0.2963711,0.11271596,0.31195545,0.24910212
0.42540598,0.5859132,0.5002456,0.07112718,0.23314333,0.36975026
0.2588842,0.2763281,0.28556466,0.1851058,0.2944033,0.3979764
0.48696756,0.47503567,0.4478011,0.41916275,0.5188811,0.43739867
0.34502387,0.40183425,0.452551,0.29423547,0.35834908,0.36823964
0.21419668,0.20814991,0.09911156,0.16631651,0.30725312,0.28616834
0.10520673,0.104189396,0.12348974,0.20308638,0.31342602,0.30053616
0.30250216,0.33037543,0.41312957,0.2724905,0.3778119,0.33291435
0.28506422,0.24821305,0.1610359,0.19835901,0.2887094,0.23615766
0.33194804,0.36063337,0.3005284,0.40832233,0.36763883,0.25938916
0.17885375,0.24532032,0.29877412,0.34366274,0.3564105,0.21782827
0.24466205,0.26239634,0.21003532,0.38152766,0.30482316,0.24542046
0.22014666,0.15887022,0.13774145,0.26770306,0.28270173,0.15094495
0.3217559,0.19701076,0.25073218,0.21143365,0.28963852,0.23709178
0.39878178,0.49874282,0.51186156,0.3255632,0.36084533,0.29250932
0.35219955,0.3293748,0.21464252,0.26317167,0.2973535,0.27108002
0.33764696,0.15562487,0.18559325,0.17977142,0.28607202,0.10272789
0.72391295,0.57899976,0.58022904,0.30974197,0.42997646,0.31578398
0.55763865,0.41934657,0.3722142,0.45533395,0.5350971,0.43232393
0.48995543,0.4027171,0.2464714,0.2804203,0.3186369,0.18654275
0.4774356,0.44593143,0.40994966,0.2208662,0.3985448,0.27499986
0.5985167,0.4570837,0.270782,0.37117934,0.4552598,0.24147987
0.60448194,0.5884013,0.40316415,0.34413743,0.40365076,0.21407175
0.64773273,0.55060434,0.54330146,0.5061817,0.57706237,0.34542537
0.92511725,0.8498504,0.7914846,0.609107,0.71402,0.54913807
0.70398307,0.7029073,0.727208,0.49694514,0.50867677,0.46185303
0.9009652,0.83086824,0.81933606,0.55116105,0.6970997,0.53934836
0.9284942,0.89865613,0.83563924,0.60646725,0.6217506,0.56015563
1.0134044,0.9226036,0.94741845,0.66209984,0.80976915,0.62165785
0.9814441,1.0250039,0.91941166,0.6135664,0.66415286,0.6167414
1.0631368,0.88078666,0.8412528,0.6150086,0.8046696,0.60627055
0.9459193,0.8975253,0.9572251,0.63745785,0.73204184,0.64886427
1.0407417,0.933934,0.9602046,0.6517558,0.7711673,0.6510651
0.8984897,0.71059275,0.57521284,0.901222,0.9406419,0.64156175
0.93088603,0.76129436,0.5924523,0.859421,0.8971393,0.6162908
1.0414457,0.97528124,1.0027125,0.76098776,0.81483173,0.593601
1.0882683,0.918874,0.79943407,0.8471756,0.89798427,0.6362171
1.0280261,0.99997115,0.97443116,0.7417476,0.7920208,0.59405994
0.95003796,1.036027,0.8271699,0.68072796,0.74733424,0.5735607
0.95485735,0.970526,0.91599405,0.7319956,0.8005674,0.63212323
0.93981266,0.9067781,0.88554394,0.84462833,0.873832,0.660424
0.7323129,0.8367467,0.84948695,0.6682327,0.63109255,0.62119937
0.8120508,0.7666769,0.70091105,0.6814618,0.7638328,0.5489068
1.1279023,0.9694443,0.78815794,1.0976441,1.0727751,0.784317
0.9257393,1.090827,0.93775105,0.8481593,0.85190487,0.807523
0.88147306,0.9304552,0.8987763,0.709039,0.80033326,0.65555453
0.97969866,0.94902897,0.9074409,0.82932687,0.9246118,0.75822973
1.1069183,1.091425,1.0247331,0.91194344,0.8304913,0.7127814
1.1733701,1.1115444,1.3197569,0.9532542,0.9796939,0.93112063
1.2540939,1.2765045,1.1803925,0.870816,0.9095745,0.8066106
0.6888392,0.827683,0.5719726,0.50973606,0.4907024,0.34500027
0.85848904,1.0190406,0.93784344,0.6865046,0.66069245,0.65292025
0.48241544,0.64023304,0.5804665,0.7834501,0.6601119,0.5331168
0.63784695,0.8035357,0.734552,0.7256136,0.7877078,0.75073004
1.0965521,1.0610659,1.0006716,0.8482363,0.8689115,0.77304053
0.95211077,0.85047483,0.95552754,0.38589883,0.49338126,0.5609689
0.9643352,0.9353411,0.87930644,1.0502198,0.97977066,0.7957654
0.89051723,0.8769295,0.831288,0.7698755,0.7640314,0.5754974
0.940212,0.89995885,0.7820957,0.70927906,0.5150595,0.53938365
0.97420573,0.9180248,0.9208417,0.92992973,0.9350252,0.6473203
1.0137618,0.8890822,0.7969816,0.51887965,0.6148417,0.47488022
1.0460818,1.1099455,1.1657718,0.80747986,0.6766975,0.65267086
0.9508312,1.0922372,1.206886,1.043565,0.8689573,0.84369373
0.5575528,0.68535113,0.7288953,0.7795365,0.5857849,0.7460661
0.63876486,0.83080363,0.9567281,0.5973816,0.6635566,0.58549404
0.7015412,0.67874575,0.49432635,0.77352643,0.4822669,0.38996053
0.6972172,0.9027803,0.9941529,0.899807,0.59741545,0.6875646
0.72196746,0.7700815,0.6083307,0.7753787,0.56309056,0.52477145
0.715956,0.77891517,0.5900583,0.794796,0.59440374,0.54158163
0.7260065,0.837337,0.86909676,0.79141426,0.46928525,0.59532
0.23448133,0.25161576,0.376572,0.82455516,0.41720057,0.654232
0.41079044,0.6221142,0.7248417,0.88386774,0.7713556,0.7287042
0.8003764,0.9965205,0.9616569,0.68901396,0.58954716,0.6307092
0.5162318,0.5040386,0.5170382,0.5228331,0.34421444,0.3809595
0.47240448,0.4419186,0.37605107,0.8163686,0.6541569,0.49925256
0.30224872,0.53889203,0.68170655,0.706162,0.5255437,0.4851346
0.7038343,0.866112,0.88540685,0.54873395,0.463068,0.5012593
-0.12656832,0.24714637,0.45512867,0.30511618,0.2532835,0.30189133
-0.6870301,-0.18094182,0.32196927,-0.27975798,-0.37875962,0.11286497
-1.6356255,-1.4066006,-0.42681456,-0.5518384,-0.88373184,-0.26227856
-1.3171322,-1.3831995,-0.74762106,-1.765974,-1.656373,-1.0257719
-1.0328767,-1.2673966,-1.1996608,-2.0504103,-1.8477798,-1.8383446
-1.322782,-1.3735533,-1.265919,-1.5974859,-1.6876341,-1.6144946
-1.3149631,-1.3684757,-1.2456925,-1.7499417,-1.7588668,-1.642677
-1.386895,-1.4908054,-1.2354748,-1.3492558,-1.5825338,-1.5854757
-1.730624,-1.6530137,-0.6146002,-1.4547815,-1.3809063,-0.87317204
-1.4505104,-1.0410241,-0.35730362,-1.1930931,-0.6555841,0.13142109
-0.79505825,-0.5457996,-0.08435273,-1.3295376,-0.764307,0.01538682
-0.5742309,-0.5639814,-0.37783623,-1.4327203,-1.0505879,-0.39420354
-1.09849,-1.0581325,-0.53569615,-2.0428252,-1.6617391,-0.95429945
-1.8873222,-1.7737093,-0.3382951,-2.420548,-1.5484947,-0.8458042
-1.4954414,-1.3925047,-0.7451415,-0.7484716,-0.945537,-0.7862911
-1.5853324,-1.255419,-0.17209935,-0.061927557,0.0271554,0.20905042
-1.5070783,-1.0954763,-0.016802788,0.0066239834,-0.03346491,0.123779535
-1.4676459,-1.6430004,-0.64620984,-0.7478323,-1.2210311,-1.2255733
-1.1959699,-1.0831733,-0.26634824,-0.38340616,-0.43016303,-0.20092678
-0.29710376,-0.012038708,0.2586031,0.21881533,0.16833138,0.30245972
-1.3811035,-0.8429574,-0.08013868,0.2056222,0.25145984,0.310704
-1.5237346,-1.1057072,-0.041598678,0.12793684,0.13383174,0.31451035
-1.4822354,-1.0513798,-0.3688916,0.16690135,0.11540103,0.2443242
-1.1029644,-0.6407888,-0.1114465,0.21707463,0.2411449,0.41715145
-0.51183033,-0.18679404,0.14917386,0.25992775,0.2649541,0.33763838
-0.926692,-0.55005026,-0.08773255,0.18263555,0.046769142,0.24648046
-0.64900637,-0.2578764,0.12316704,0.2659464,0.3261237,0.47622466
-0.83529973,-0.45612812,-0.056104064,0.093477726,0.16699481,0.3350742
-0.8579116,-0.40286207,-0.06013894,0.19258475,0.16060305,0.42435455
-0.7847512,-0.390316,-0.02805233,0.21335936,0.27989864,0.3927648
-1.3757551,-0.7510096,-0.02437222,0.18338275,0.103952885,0.38945603
-0.79525805,-0.36911368,0.005552292,0.32007074,0.12710333,0.29280996
-1.4119112,-0.81041217,-0.104956865,0.26108217,0.23086667,0.336421
-1.282765,-0.7881715,-0.059023023,0.3148632,0.24069953,0.41708016
-1.5690882,-1.3795805,-0.93351793,0.4482665,-0.6505469,0.34834528
-1.6165656,-1.5094273,-0.4977672,0.2434485,-0.33664465,0.42868805
-1.8161955,-1.798569,-0.4507023,-0.15294695,-0.8018615,-0.1487751
-1.3737875,-0.99791026,-0.20888937,-0.0031018257,-0.33663344,0.06792641
-1.6210172,-1.6099457,-0.758294,-0.02495718,-0.3342266,0.10933852
-1.6134462,-1.4272372,-0.555742,-0.47417283,-0.73654544,-0.26739454
-1.202464,-0.8611853,0.0039402246,-0.06584787,-0.15868211,0.2611289
-1.4501317,-1.4993668,0.013091445,-0.028468132,-0.06616759,0.17553353
-1.6471866,-1.2272432,-0.47369814,-0.7313318,-0.57300544,0.112957
-1.5852175,-1.294335,-0.42199576,-0.46041024,-0.35598946,0.16279602
-1.6015096,-1.2508342,-0.58916926,-0.49392605,-0.39131665,0.00047683716
-1.4775091,-1.2150526,-0.5030179,-1.9598848,-1.1717119,-0.5113301
-1.3287743,-0.7971618,-0.14593709,-1.3810475,-0.8090904,0.08607054
-1.1227295,-0.7015387,-0.16973853,-0.7810949,-0.37378788,0.24382925
-1.4005117,-0.9897498,-0.22732568,-0.4858315,-0.32015717,0.16107845
-0.78000796,-0.44144845,-0.026373148,0.20092082,0.15329671,0.29971313
-0.36618996,-0.09095621,0.20920813,0.14054751,0.25572896,0.40571904
-0.24369764,-0.011987209,0.16395783,0.16795874,0.33520412,0.44533372
-0.6307365,-0.25146866,0.16106975,0.21219802,0.122784376,0.26949143
-0.7143028,-0.38441813,-0.06644392,-0.41332102,-0.27453947,0.20129776
-0.46075106,-0.15275681,0.12898064,-0.79505444,-0.30014253,0.20243764
-0.47991765,-0.3903215,-0.033465385,-1.5427072,-0.9112934,-0.17060828
-0.9547597,-0.6466689,-0.13456059,-1.681776,-1.0688918,-0.3985293
-1.1748363,-1.1792353,-0.5981288,-2.0627165,-1.8595552,-1.2520754
-1.2756612,-1.3559163,-1.0708184,-1.8849473,-1.8212844,-1.473459
-1.2768306,-1.366598,-1.1429958,-2.1041522,-2.1307683,-2.2708147
-1.3537045,-1.4421881,-1.2863679,-2.0584192,-2.05799,-2.2128632
-1.453964,-1.5575616,-1.4649127,-1.996341,-1.956144,-2.095031
-1.5243272,-1.6441922,-2.0774813,-1.9985436,-2.101278,-2.3338108
-1.3669167,-1.5848665,-2.1236432,-2.2251282,-2.2634933,-2.6623948
-1.5445583,-1.525409,-1.3071935,-2.0215263,-2.087799,-2.2348053
-1.3701909,-1.4653901,-1.37867,-2.041886,-1.9411445,-2.0877333
-1.2403862,-1.4202592,-1.3178551,-2.3093493,-2.1446557,-2.365472
-1.305531,-1.4800832,-1.3823082,-2.135509,-2.0094626,-2.241323
-1.2886586,-1.5004427,-1.4363027,-2.0901008,-2.054574,-2.165948
-1.2354579,-1.4730278,-1.3873764,-2.0418158,-1.9607339,-1.9781624
-1.2687423,-1.4426246,-1.3099325,-2.0519662,-2.0006597,-1.9671617
-0.84488857,-0.8158846,-0.49308562,-1.4195023,-1.1349034,-0.6198001
0.05189824,-0.0077798367,-0.04389143,-0.17691231,0.117699385,0.16510797
0.15076113,0.04919386,0.008063555,0.25789833,0.3859763,0.24875641
-0.077105165,0.04765892,0.14035952,0.21290922,0.3141327,0.2992177
0.338089,0.26824832,0.34432876,0.23173213,0.32941794,0.31224203
0.25915504,0.2581954,0.18546295,0.43805647,0.43656278,0.32844424
0.12940979,0.14637971,0.18468285,0.391711,0.36372447,0.39144516
0.4124601,0.2985723,0.21460187,0.34113455,0.4438362,0.35864258
0.38398814,0.33386636,0.26120603,0.3071959,0.4213984,0.28686643
0.47442555,0.27679944,0.22656286,0.37556958,0.5458927,0.38341665
0.34076238,0.21152115,0.2211268,0.42730808,0.44737673,0.3268447
0.18280077,0.2717867,0.23192501,0.39126873,0.43543005,0.32753754
0.7886231,0.69675875,0.5567055,0.42047906,0.5664861,0.41023517
0.5040529,0.47902918,0.33379924,0.4826777,0.45686722,0.26495457
0.15629554,0.1298356,0.12762666,0.29562473,0.39426017,0.27217913
0.42151618,0.3885901,0.38522017,0.31964183,0.41123056,0.27972054
0.53439,0.56391716,0.28299093,0.37318444,0.4786892,0.3417549
0.63816214,0.5732899,0.58813536,0.43948054,0.5525558,0.4360535
0.6892059,0.51822615,0.5483897,0.5407965,0.7803652,0.5916624
0.8827822,0.83989096,0.790238,0.56995726,0.75800586,0.5720792
0.84302664,0.84929276,0.76814675,0.5422635,0.5728166,0.554296
0.79497766,0.8577821,0.7327198,0.493865,0.62600374,0.48869038
0.5605149,0.5612607,0.5973946,0.5150416,0.6759708,0.5787766
0.72406507,0.62753606,0.689384,0.56433296,0.55169964,0.489398
0.89051485,0.89011097,0.8729453,0.57314944,0.6146848,0.55532646
0.95944214,0.84109926,0.7813003,0.59732103,0.82070136,0.56369853
1.153995,1.0698338,1.0617765,0.77610254,0.84252787,0.68060684
1.0231774,1.0149155,1.0017978,0.6399207,0.82158494,0.6542127
0.89792347,0.9532032,0.96403325,0.62157845,0.7203903,0.6274905
0.95062375,0.85962653,0.7705704,0.72416496,0.8185544,0.64514613
0.73306775,0.6619344,0.63013303,0.7584753,0.84102964,0.62487507
0.8821559,0.8319149,0.83055806,0.65221715,0.8377881,0.57827544
0.97992516,0.8716693,0.8820809,0.87644553,0.89753985,0.6697984
0.8671515,0.82485414,0.8489114,0.7857661,0.83939815,0.5787034
0.87272954,0.7429869,0.63660026,0.8481822,0.8685639,0.6252682
0.75211215,0.62575626,0.6267555,0.69414234,0.80563617,0.501451
1.0514019,1.0184383,0.8486382,0.88866115,0.8716693,0.7486701
0.8967502,0.92150736,0.8278346,0.7536197,0.58946323,0.6371491
0.74035597,0.792686,0.7922965,0.68814087,0.7254801,0.59895325
0.9430959,0.92279816,0.8148501,0.7545986,0.7410052,0.6798992
1.1313982,1.0407162,0.87354577,0.8773532,0.7913759,0.7825453
0.8679466,0.81871414,0.6669843,0.9814856,1.0216494,0.7559173
1.1179216,1.1033487,0.8154199,1.0337555,1.0066214,0.8112173
1.1635063,1.1180439,1.0168197,0.95136476,1.0959482,0.82223344
1.1189625,1.0899553,1.0097989,0.73203135,0.8501117,0.732445
1.1260314,1.0886903,0.94444084,0.62768984,0.7333369,0.73444986
1.1336355,1.1134646,0.9644209,0.9301243,0.9032879,0.74035
1.283288,1.387912,1.3134179,0.67887044,0.8224766,0.8188877
0.73615813,0.9955182,1.0913451,0.99037266,0.70745444,0.81788325
0.86935496,1.0247452,1.0513804,0.5380447,0.6875987,0.679518
0.7635577,1.0354269,1.1448598,0.700665,0.7453711,0.6872978
1.2518024,1.2889578,1.3124084,1.1839857,1.2118988,0.97391653
0.82578635,0.87975645,0.9047657,0.51529956,0.41952085,0.43276978
0.72788525,0.82238436,0.7591374,0.50182366,0.41719985,0.4133973
1.1001823,1.0368259,0.7570106,0.6270826,0.7523811,0.57763577
0.93953943,0.73771334,0.8152554,0.8539691,0.99659467,0.703038
1.124043,1.0511677,0.9301598,1.1213641,1.1251636,0.8859327
1.290669,1.2742243,1.2914178,0.9472275,0.8927579,0.88482904
1.0188286,1.0334048,0.9708468,0.8805406,0.94903255,0.7546308
0.929024,0.9464383,0.90919566,0.9615488,0.6146929,0.6023698
1.0292976,1.1039548,1.0292754,0.94771075,0.8786092,0.79084206
1.0117869,0.9894321,0.8163583,0.6676252,0.60808945,0.47289252
1.1016195,1.156218,1.0776751,0.93432355,0.9392617,0.8145006
0.99173045,1.027833,0.9550626,0.79718375,0.77230024,0.6819384
0.45483446,0.67165256,0.79846025,0.86242557,0.29224896,0.6072726
0.6969898,0.5840688,0.4673741,0.68738294,0.57033515,0.5006261
0.86897564,0.96094537,0.95624495,0.7558627,0.5925057,0.59191036
0.8593545,0.90892315,0.8823005,0.9320128,0.67340493,0.71978426
0.69611573,0.88456607,0.9021467,0.9519689,0.6965332,0.73902726
0.49382305,0.5758593,0.6827831,0.61965704,0.32341862,0.4204657
0.27180028,0.35994673,0.4281751,0.5851371,0.4104097,0.47580314
-0.2851441,-0.080472946,0.21408057,0.51323175,0.06226492,0.31497097
0.17039204,0.25350785,0.33917987,0.5782573,0.59477186,0.60494566
-0.25908685,-0.029505968,0.2629578,0.43783283,0.18026471,0.40468693
-0.94012845,-0.6258477,0.15414906,0.075856924,-0.12822413,-0.030835629
-0.6388011,-0.27190375,0.16378975,-0.38268876,-0.21839738,0.065656185
-1.5358398,-1.3354428,-0.20390427,-1.3577474,-1.3981802,-0.9294164
-1.3121591,-1.2456396,-0.91629946,-1.5197343,-1.4574585,-0.9814588
-1.2778614,-1.4037402,-1.3751838,-1.6015689,-1.6509482,-1.6448367
-1.4135945,-1.4964674,-1.5294374,-1.384665,-1.5795282,-1.7944298
-1.401142,-1.4992383,-1.6388135,-1.4546958,-1.6245768,-1.7018669
-1.477112,-1.6281946,-1.7335187,-1.2096581,-1.5181911,-1.697396
-1.4689332,-1.6160468,-1.5509677,-1.0369699,-1.3133187,-1.5626261
-1.6551065,-1.7823179,-2.2059026,-0.86296034,-1.3230428,-1.5759931
-1.539529,-1.799392,-2.3804512,-0.83020556,-1.2844601,-1.7167141
-1.5930912,-1.8469571,-2.8918009,-0.91243327,-1.5569398,-2.1039407
-1.5116088,-1.6775751,-2.0017512,-1.162163,-1.3957838,-1.9266988
-1.5778513,-1.6670959,-2.0987911,-1.2377785,-1.4554181,-1.9096019
-1.6347626,-1.7871952,-2.8884206,-0.82074714,-1.4153402,-1.9149301
-1.4717615,-1.7290617,-2.611011,-1.0023738,-1.5847874,-2.394958
-1.4488245,-1.7200022,-3.039219,-0.8907217,-1.6013894,-2.6584044
-1.4062569,-1.5654712,-2.3747363,-1.0947126,-1.6017072,-2.4014938
-1.3993905,-1.5576397,-2.5179555,-0.86876583,-1.4823182,-2.438675
-1.6232924,-1.7814018,-2.6021585,-0.8647337,-1.3768032,-1.7665827
-1.7228513,-1.7121882,-1.9430497,-0.7356101,-1.0245924,-0.8051672
-1.7032242,-1.5577815,-1.072258,-0.25646138,-0.55187535,-0.20270014
-1.5531033,-1.3673575,-1.1017208,-0.74979687,-0.94941306,-0.4728887
-1.7611758,-1.7076274,-2.1610322,-0.8729615,-1.2792089,-1.1307671
-1.6639158,-1.6770232,-1.5514078,-0.9235904,-1.0871382,-0.7244599
-1.6577775,-1.352738,-0.70512295,-0.81395006,-0.8196864,-0.22995234
-0.8375566,-0.3799919,0.11586928,0.023104668,0.10262489,0.17923617
-0.3149793,-0.0483644,0.24059284,0.20377994,0.2545898,0.30968738
-0.60211945,-0.17093563,0.16768885,0.13744044,0.25902987,0.3180411
-0.17305684,-0.0024392605,0.1591121,0.36320877,0.38223004,0.37195325
-0.28103328,-0.019432306,0.2623117,0.36837554,0.3770585,0.4351127
-0.22955573,-0.0077958107,0.20406437,0.33221388,0.19576049,0.3171482
-0.47103512,-0.15153182,0.15013146,0.37909865,0.3406725,0.40166283
-0.5433538,-0.19779372,0.1928035,0.39749575,0.28051615,0.4030347
-1.2456236,-0.896986,-0.075711966,0.14608288,0.15345144,0.3127334
-1.2734666,-0.9551041,0.050431132,0.19769812,0.18954968,0.34573412
-1.263852,-1.2141031,-0.3342601,0.069315195,0.19216657,0.11356974
-1.4155114,-1.6079559,-1.9793996,-0.6278622,-1.0883672,-1.2863007
-1.3944805,-1.6289852,-2.4799485,-0.7477354,-1.2905147,-2.0031772
-1.499486,-1.6211047,-2.6039104,-0.6614578,-1.2172378,-1.5646801
-1.6352423,-1.7723129,-2.7459154,-0.7702285,-1.2976836,-1.7055781
-1.5898802,-1.6952525,-2.5294747,-0.81027436,-1.3183297,-1.5962837
-1.7058544,-1.7564294,-2.4120939,-0.7019129,-1.1182321,-1.2472839
-1.446019,-1.3711892,-1.2257278,-1.0176579,-1.2043464,-0.9325911
-1.1664021,-1.4815389,-1.2561003,-1.1914856,-1.506078,-1.500293
-1.263441,-0.97345614,-0.331275,-1.1328385,-0.8654491,-0.45272994
-0.6519952,-0.37996662,0.05525422,-0.17675543,-0.0007083416,0.16396832
0.055058718,0.08208203,0.19723535,0.04174757,0.1717906,0.22074318
-0.31474912,-0.1279285,0.051071763,-0.0039744377,0.122849226,0.226048
-0.5623448,-0.29904985,0.076514244,-0.03341508,0.09153867,0.25653172
-0.5081868,-0.28243947,0.024358273,-0.50737476,-0.2687682,0.08501482
-0.43798947,-0.31123233,-0.051069498,-0.85137486,-0.42417336,0.101237535
-0.37319744,-0.28181517,-0.08676958,-1.0172391,-0.7066121,-0.11169386
-0.64017653,-0.5663638,-0.19049263,-1.4756374,-0.9851992,-0.15561914
-1.2814864,-1.2986232,-0.5581838,-1.9830679,-1.6998382,-1.041012
-1.234968,-1.351562,-1.0781362,-1.9395821,-2.0237644,-1.762192
-1.3663421,-1.453398,-1.301848,-1.9072462,-1.939528,-1.7960541
-1.543525,-1.6920681,-1.8917879,-2.074045,-2.1157699,-2.3271377
-1.4888337,-1.6662526,-2.4114754,-2.28957,-2.358451,-2.7473803
-1.5726621,-1.7005563,-2.2595112,-2.129148,-2.2306287,-2.533981
-1.5796572,-1.6994852,-2.1981778,-2.049827,-2.1584504,-2.4898958
-1.440217,-1.6339926,-2.3657575,-2.2557921,-2.2971349,-2.7885182
-1.4422464,-1.6107441,-2.339274,-2.186098,-2.2541904,-2.712764
-1.3787646,-1.6054094,-2.4231157,-2.356501,-2.3746777,-2.8346324
-1.221736,-1.455746,-1.3672863,-2.2140841,-2.1291606,-2.294054
-0.998862,-1.29075,-1.2074664,-2.476021,-2.2673743,-2.553687
-1.2631599,-1.2713245,-1.1407073,-2.3148274,-2.0383143,-2.4659913
-1.1083022,-1.3384192,-1.2571251,-2.184357,-2.0628314,-2.2359145
-1.1827123,-1.4258697,-1.3583479,-2.0428054,-1.9426103,-1.9914595
-0.9136535,-1.2876288,-1.607353,-2.4232688,-2.3530536,-2.8998523
-0.67057884,-1.0810034,-1.4304283,-2.2945147,-2.1530702,-2.6393282
-0.45363963,-0.778981,-1.0209001,-1.7396814,-1.5120499,-1.9461081
-0.18349373,-0.40743232,-0.4578042,-0.84398687,-0.6315756,-0.720971
0.21028543,0.014786482,-0.036966085,-0.06800723,0.079839945,-0.096651316
0.41863704,0.29054213,0.20889235,0.33321285,0.46456552,0.33089066
0.26435733,0.23643422,0.19526672,0.34545517,0.35651278,0.30677867
0.47537804,0.36661506,0.32696092,0.35355616,0.5206487,0.24956512
0.4856434,0.27168536,0.38643646,0.07015014,0.3391273,0.12510228
0.60573363,0.40207338,0.48763072,0.26911306,0.4147768,0.22725344
0.47061348,0.2100277,0.29968107,0.20054817,0.34716916,0.13282251
0.24936748,0.24716568,0.29988742,0.15166569,0.27024674,0.104025364
0.57893324,0.5843601,0.5923488,0.32690024,0.39298725,0.28905535
0.16874313,0.23509526,0.4127283,0.1341002,0.2792933,0.16895866
0.5852759,0.488549,0.5588423,0.40048575,0.4702468,0.3571384
0.62734604,0.4914646,0.51338506,0.31310034,0.456882,0.31226063
0.5372727,0.47970343,0.3749628,0.27853608,0.35716772,0.22430134
0.7033644,0.5654712,0.55685663,0.3718145,0.5396435,0.35435963
0.54923415,0.45764542,0.43133736,0.3618021,0.47213936,0.33279562
0.6338291,0.5848651,0.50862205,0.36802864,0.4415815,0.2813537
0.82101345,0.79901767,0.7968707,0.51597786,0.60413504,0.49799228
0.7253287,0.6673045,0.73558295,0.45349717,0.60903263,0.44433284
0.6650162,0.4967835,0.42061508,0.33438087,0.50322676,0.3779297
0.75512743,0.4715898,0.5193558,0.53565454,0.74300313,0.41241646
0.7005398,0.66752815,0.68959725,0.51124,0.721282,0.44806337
0.84330654,0.7406006,0.8723953,0.64481854,0.80635047,0.5702131
0.7728298,0.7332835,0.73996234,0.6108985,0.76730037,0.515651
1.0503504,0.9990871,0.9269345,0.60570765,0.723392,0.620476
0.94803953,0.89452386,0.87308633,0.67287326,0.8443954,0.6252279
0.8095813,0.7711861,0.66973853,0.7078481,0.72131467,0.5855174
0.84664035,0.77428627,0.7545464,0.662802,0.74642515,0.559283
0.86028504,0.7639377,0.845912,0.7299876,0.8704133,0.59539294
0.80758524,0.7703891,0.6989182,0.66673183,0.6705601,0.5407646
0.9713104,0.9949229,1.0057722,0.8021805,0.8863628,0.7265301
1.0327194,0.9314308,0.8434601,0.7494092,0.8873992,0.64547133
0.9477184,0.8959682,0.96107113,0.8359947,0.9261489,0.72675586
0.9502146,0.90054035,0.98369646,0.78945255,0.8741276,0.7425301
1.0842865,1.0031257,1.0395412,0.7629311,0.9080577,0.7116151
1.0261383,0.9649763,0.9149277,0.8699553,0.9392047,0.7147789
0.8672457,0.9415126,0.8196989,0.85401416,0.81548524,0.68001485
1.1880715,1.1813395,1.0725862,0.8466275,0.93392396,0.80294394
1.1102834,1.1849675,1.188343,0.71124506,0.8230984,0.7676203
0.9640858,0.91488385,0.9791498,0.6325002,0.596411,0.5450783
0.92850924,0.7766321,0.7551718,0.70695233,0.88495016,0.6175847
1.3847635,1.1694431,1.3908417,0.8898511,0.98467255,0.8734765
1.167409,1.1769044,1.2624073,0.77701926,0.91014624,0.8511672
1.0724742,1.1008277,1.098338,0.6712878,0.7251172,0.7218363
1.1659744,1.2956998,1.3155379,0.7682729,0.8235867,0.71777964
0.9586594,0.93609214,0.8841295,0.94243383,0.8935337,0.686378
0.9556806,0.98602724,1.0339991,0.40597105,0.69021416,0.59060764
0.931401,0.83899474,0.81912374,0.68720675,0.6956966,0.54583406
0.82407165,0.8543744,0.5830555,0.87530327,0.5292394,0.48725224
1.0496392,1.0628085,1.0377804,1.0078616,1.0854936,0.8122492
0.35791492,0.62198544,0.7053578,0.59858465,0.6788707,0.72553444
1.0007837,0.91599154,0.9988891,0.60207844,0.71344686,0.6008847
0.9348376,0.8955209,0.67135894,0.61729836,0.5608938,0.3092196
0.6064789,0.7957423,0.9454076,0.69651604,0.32941008,0.5237124
0.796983,0.87452793,0.7416935,0.7790909,0.6222701,0.6237879
0.7798908,0.7330501,0.7435373,0.4652543,0.3945899,0.44212198
0.9282527,1.0703375,1.0556642,0.4300716,0.39537,0.5455272
1.1123736,1.1621435,1.0273421,1.1803567,1.028486,0.8222313
0.87094665,1.2037389,1.3045158,0.94165134,0.9007418,0.87683344
0.9407482,0.8888166,0.79252756,0.9978728,0.9155917,0.59964895
1.1887496,1.157387,1.1560626,0.7189474,1.04162,0.84266806
0.5437093,0.6292443,0.53230965,0.5861988,0.3241222,0.4379859
0.7072623,0.8209703,0.8141916,0.6794598,0.3773663,0.54524946
0.6636324,0.76783705,0.81175375,0.69580007,0.50429034,0.60388184
0.97665477,1.0214982,0.881389,0.9687722,0.7331426,0.6264093
0.92787313,0.92105055,0.9129759,0.85502505,0.8121612,0.5930376
0.57439375,0.5732405,0.63083863,0.74407434,0.6921966,0.71072054
0.6221125,0.73315334,0.8242372,0.71478987,0.598521,0.5336828
0.4927075,0.60394144,0.66336,0.68902636,0.6175051,0.5205281
0.3508892,0.36834097,0.42110455,0.58780575,0.58458996,0.52250457
-0.18114603,0.13722086,0.3914883,0.23328948,0.1805141,0.2409153
-0.68715274,-0.2564683,0.2515576,0.06849575,-0.05187297,0.22299433
-1.0978065,-0.8432969,0.004293442,-0.21510768,-0.40197587,0.00977993
-1.1748227,-1.3209449,-0.77571476,-0.685519,-1.1383352,-1.1330668
-1.4166529,-1.7251676,-2.0593805,-0.7628826,-1.264539,-1.7752758
-1.4846013,-1.7396033,-2.3445084,-0.7641202,-1.3855114,-1.8120928
-1.3687407,-1.5720575,-1.8264283,-1.0260609,-1.385355,-2.146814
-1.4833217,-1.5888635,-1.7414495,-1.1163052,-1.5185186,-1.5818508
-1.4247471,-1.5472555,-1.6005881,-1.247499,-1.4292135,-1.5663161
-1.5299506,-1.6066363,-1.7056874,-1.2301679,-1.5820017,-1.6752231
-1.4915392,-1.5495638,-1.3953352,-1.5453904,-1.6765327,-1.6825377
-1.492385,-1.5824943,-1.2323141,-1.3882325,-1.6140531,-1.6145808
-1.5712966,-1.5981083,-1.0471187,-1.7665482,-1.6683629,-1.3244396
-1.4028713,-1.4760875,-1.2148284,-1.5437291,-1.6346824,-1.6463282
-1.6871002,-1.5186058,-0.5521445,-1.430786,-1.2396595,-0.8011321
-1.304514,-1.4529815,-1.3062704,-1.2506324,-1.3711678,-1.5250095
-1.4222057,-1.5341139,-2.234825,-1.0191646,-1.3905039,-1.9566433
-1.293647,-1.2940063,-1.0569878,-1.323764,-1.3360524,-1.1618172
-1.3603064,-1.4785427,-2.010172,-1.1666763,-1.5028454,-2.2007265
-1.3946067,-1.352761,-0.9689574,-0.51636755,-0.8040931,-0.737766
-1.4691014,-1.26611,-0.023156047,-0.038850784,-0.10439062,0.014707565
-1.5201242,-1.1514161,0.056904554,0.25826836,0.22534513,0.39831305
-1.4369649,-1.2869859,0.09095013,0.11823082,0.10317469,0.19927645
-1.5645515,-1.1251054,0.025959611,0.19686604,0.058361053,0.3051238
-1.6012928,-1.4686143,-0.34538245,-0.016184092,-0.098745346,0.12503004
-1.538821,-1.0493066,-0.0918808,0.09300017,0.15239644,0.278615
-1.7865779,-1.6575112,-0.98590475,-0.08256245,-0.78111506,0.1685133
-1.6721382,-1.4669958,-0.51223326,-0.03260398,-0.23640919,0.24654889
-1.0729244,-0.5667093,0.06042409,0.100470304,0.23774028,0.31270504
-0.82830596,-0.3693328,0.10297835,-0.104617596,-0.053088903,0.27809668
-0.30911505,-0.14325273,0.18147874,0.26833582,0.2790866,0.31636047
-0.34661436,-0.059980154,0.23135018,0.43624997,0.42482853,0.40835428
-0.7113372,-0.29352593,0.13951969,0.5087719,0.23126245,0.45552897
-0.5105604,-0.15810263,0.21590304,0.35655022,0.34228683,0.34453177
-0.19202995,-0.037974596,0.16171288,0.26323462,0.32879186,0.36709785
-0.24970841,-0.031456947,0.24164331,0.2927389,0.39492726,0.3869393
-0.48033285,-0.179142,0.20739758,0.34122038,0.40179896,0.38762903
-0.55494094,-0.19996333,0.17589569,0.17806125,0.2139237,0.18547535
-0.99699986,-0.4405948,0.09771907,0.1443603,0.19931388,0.2166009
-0.658079,-0.36501765,0.20160079,0.039746523,0.04588318,0.2150116
-1.2753005,-1.1673303,-0.24211693,-0.29617763,-0.49579835,-0.19564486
-1.0485494,-0.9860406,0.022289038,-0.16128778,0.04726267,0.2728901
-0.96318924,-0.55085444,0.116806984,-0.4817803,-0.11765528,0.25376177
-0.37764692,-0.050891638,0.2621479,-0.23964238,-0.026086569,0.20595717
-0.14131546,0.03993416,0.26356053,0.024741173,0.14161444,0.3209684
-0.09969747,0.037218332,0.24134433,0.11903763,0.13670254,0.20740819
-0.7098696,-0.32370555,0.11122823,-0.00094270706,0.107893705,0.16265392
-1.1389264,-0.6174288,0.17323422,-0.042462587,-0.08621311,0.0867877
-0.189556,0.05161023,0.31258297,0.11363602,0.17488718,0.13364315
-0.095363975,-0.0025951862,0.25728285,-0.70631385,0.014489412,0.17308521
-0.9878987,-0.75061727,-0.16998589,-1.5523306,-0.9929707,-0.19961357
-0.47349215,-0.21567714,0.12330413,-0.963645,-0.49940383,0.019532204
-0.7213118,-0.42569697,-0.123571515,-1.0431597,-0.7368262,-0.23655605
-1.4941393,-1.2752619,-0.36911,-1.9167266,-1.3421025,-0.8079219
-1.3135536,-1.373698,-1.1002649,-1.8912797,-1.9136564,-1.6507307
-1.4488009,-1.3459513,-1.0940391,-2.0688548,-2.048414,-2.1451278
-1.3843939,-1.441376,-1.2917018,-2.0167618,-1.9731778,-2.0935884
-1.3300298,-1.4480106,-1.316479,-1.9653101,-1.8974476,-1.9921972
-1.1302922,-1.3580596,-1.1824713,-2.2868516,-2.1197314,-2.345878
-1.1772996,-1.3241847,-1.1834877,-2.1110299,-1.9159164,-2.0062473
-1.3678312,-1.5426472,-1.4514621,-2.0402167,-2.019946,-2.181512
-1.4657981,-1.6123645,-1.7967607,-2.031613,-2.0611072,-2.3930333
-1.370307,-1.5798426,-2.1672509,-2.2755,-2.267467,-2.6823754
-1.2580044,-1.4433458,-1.3273501,-2.0132341,-1.9694501,-2.188434
-1.3715065,-1.4610461,-1.3276725,-2.0531003,-1.9312513,-2.15923
-1.4823533,-1.6521736,-1.5113039,-2.1715178,-2.0939045,-2.1849232
-1.5551026,-1.7056334,-2.1826644,-2.233266,-2.2809854,-2.5663562
-1.5313034,-1.6390345,-2.1147761,-2.0420227,-2.1623397,-2.522992
-1.2316976,-1.4826471,-1.8639227,-2.261505,-2.2484014,-2.651653
-1.0851061,-1.2264374,-1.1695828,-2.4723969,-2.2028577,-2.369547
-1.192399,-1.2887046,-1.170903,-2.567947,-2.2546332,-2.5076873
-1.3827949,-1.5598524,-2.2605593,-2.2533195,-2.2892199,-2.7529407
-1.1743572,-1.4756224,-2.0974095,-2.4413295,-2.4698477,-2.8588977
-1.0498062,-1.3464825,-1.3807477,-2.1875696,-2.0954037,-2.2537787
-1.0009289,-1.2773083,-1.0806117,-2.1041172,-1.8949074,-1.5631713
-0.26234865,-0.37037742,-0.033998728,-1.2380123,-0.75276065,-0.0066666603
0.09246755,-0.043503046,0.03556955,0.028903484,0.27238464,0.24198675
0.11583853,0.12164211,0.2772473,0.017929316,0.13612008,0.11161327
0.3555298,0.2917006,0.2383542,0.23172998,0.24173188,0.112799406
0.29527736,-0.030944586,0.32218957,0.2699232,0.33590317,0.14621806
0.18222737,0.06315613,0.28168464,0.12036514,0.19840574,0.13137913
0.17377114,0.14927745,0.19233501,0.1572442,0.27599907,0.20798779
0.17314482,0.10107589,0.16247547,-0.09511304,0.04517293,-0.12341595
0.3647461,0.26737905,0.29632568,0.16493773,0.40155458,0.21835804
0.22200346,0.1884358,0.2955829,0.18284822,0.35495663,0.19403625
0.42069268,0.2556317,0.34030604,0.2739787,0.42313123,0.19759464
0.31148863,0.13666296,0.23276997,0.20301867,0.34906483,0.0870347
0.6775701,0.64220476,0.56768,0.18658018,0.33782005,0.2166915
0.6721332,0.45987844,0.46244502,0.16009712,0.37227273,0.18078613
0.61398244,0.42286968,0.46418107,0.2630179,0.4448278,0.21419811
0.3857019,0.51814747,0.61907303,0.27648616,0.3777852,0.24387336
0.8721924,0.84549975,0.7840719,0.34531522,0.47668242,0.38799572
0.8143277,0.7948613,0.794667,0.43101835,0.55129075,0.4190452
0.5548799,0.59026504,0.5487205,0.33283663,0.31105685,0.24835968
0.5984585,0.64893484,0.6849201,0.2942171,0.4219606,0.28282785
0.7848668,0.69807744,0.6904093,0.53376365,0.7025423,0.42772913
0.71023893,0.59112334,0.5979576,0.55185413,0.73154616,0.39689708
0.69816685,0.6539619,0.80186486,0.532593,0.5277028,0.43899703
0.90577483,0.7816901,0.81214905,0.6872544,0.8554189,0.6237712
0.9247575,0.85680103,0.78388715,0.7280927,0.78427744,0.5793266
0.86024857,0.8827872,0.7946222,0.64169693,0.7581556,0.50888634
0.91298294,0.8600278,0.83914566,0.78445125,0.9237051,0.6636424
0.9865656,0.9506302,0.9355762,0.7101946,0.7658031,0.65717006
1.0500276,1.0027926,1.0326151,0.7721646,0.8709862,0.67295337
1.0089664,0.8992672,0.8582995,0.8260579,0.91553855,0.67611694
1.0956428,1.0711064,1.1042387,0.70950127,0.85054207,0.7160721
0.91067505,0.9471767,0.9483024,0.73673534,0.7171056,0.5745864
0.7760997,0.66271424,0.58093405,0.75704527,0.770499,0.53353786
0.97261095,0.9723201,1.0190947,0.762388,0.89341974,0.6751075
1.0297928,1.0110672,1.0838428,0.77584887,0.9122734,0.7263799
0.958534,0.98186517,0.9641794,0.714638,0.77260494,0.63644314
1.130007,1.2787178,1.2492777,0.8423312,0.8797853,0.7763243
0.9886739,1.0599582,0.9447055,0.9223077,0.944437,0.809957
1.0368011,1.1215577,1.0809419,0.8385117,0.88382196,0.76994014
0.7628033,0.73261523,0.80491495,0.9128206,0.9833505,0.8097713
0.99096966,1.0153615,1.002731,0.9328122,0.85553885,0.71630406
0.93900704,0.9159541,0.94503534,0.9983165,0.9736099,0.7540722
1.1558158,1.1314576,1.0250093,0.86236906,0.90464735,0.75569534
1.1115143,1.2113736,1.1701769,0.93404055,0.9909289,0.8561425
1.1003535,1.0960977,0.9922224,0.84407806,0.7424283,0.7149954
1.1063781,1.2148159,1.195727,1.0655859,1.1207535,0.8868308
0.6945298,0.902931,0.85019517,0.7309756,0.78143597,0.6447792
0.94921494,0.88522744,0.9390532,0.816319,0.92474174,0.746665
0.98905444,0.59181166,1.1002127,0.92003345,0.940073,0.7918155
0.78946304,0.77291584,0.9577594,0.871335,0.91685176,0.8529177
1.1240349,1.2575667,1.2058762,0.72323465,0.67485976,0.7299504
1.1191967,1.1277919,0.89244056,0.7149298,0.5333562,0.42546725
1.0244668,1.0080726,0.7939303,0.50672746,0.512223,0.23939133
0.6780734,1.0165825,1.0700043,0.05661869,0.18882823,0.34645963
0.56609035,1.027015,1.0647755,0.11997938,0.23320627,0.38741493
0.710969,0.8161349,0.82685065,0.43959737,0.41201425,0.49713802
1.0819795,1.1653364,0.933717,0.6832366,0.39807415,0.43477154
0.9343922,0.9636898,0.9426265,0.77883935,0.9685261,0.95223427
1.0167968,1.1697476,1.0598651,0.8816209,0.7657242,0.7388506
1.0500357,1.1183732,0.99115884,1.1322892,0.969327,0.8131881
0.63745475,0.9390893,1.1469475,0.7374289,0.51969147,0.6666722
1.0311787,1.071352,1.0578197,0.799572,0.6634481,0.6675558
0.95922613,1.1334827,1.1612449,0.86710596,0.78523374,0.84248805
0.89065456,0.9112003,0.85453606,1.0585489,0.69907665,0.68427753
0.7571566,0.85193586,0.8598354,0.7895386,0.52957964,0.62748146
0.79869413,0.9001553,0.9984883,0.5448077,0.6624992,0.64584446
0.6754246,0.69267416,0.70181084,0.7699988,0.7004149,0.52434635
0.37135434,0.6214814,0.75925636,0.43844128,0.4285283,0.39261484
-0.023620486,0.24369025,0.57959306,0.44097853,0.4443159,0.405406
-0.014494419,0.11710787,0.36227536,0.47635818,0.24968243,0.29215026
-0.6304587,-0.34440255,0.098412275,-0.10838008,-0.14860368,0.20986581
-1.3579392,-1.1085554,-0.23227596,-0.15668535,-0.4927404,-0.04060006
-1.4404174,-1.2487568,-0.63382006,-0.9995861,-1.0125337,-0.58333075
-1.3435451,-1.2843208,-0.73861074,-1.8506112,-1.8736739,-1.6613035
-1.2361643,-1.3529024,-1.2438859,-1.4313958,-1.6045679,-1.6956408
-1.399231,-1.5005994,-1.4184247,-1.4516203,-1.6306896,-1.9233389
-1.2814747,-1.4253675,-1.2567862,-1.8852403,-1.9652345,-2.0259311
-1.3562044,-1.4107823,-1.2652398,-1.7406762,-1.8157536,-1.7782111
-1.066272,-1.172325,-1.1778842,-0.8307202,-1.3414679,-2.7364094
-1.0956244,-1.1307682,-1.5202047,-0.59666824,-1.1909597,-2.5427155
-0.99169195,-0.9280951,-1.5443406,-0.6281117,-1.4685054,-2.881515
-0.8325968,-0.8389219,-1.0768192,-0.63749206,-1.3177972,-2.7361586
-0.7293639,-0.779915,-0.9048358,-0.88038206,-1.2950262,-2.6851964
-0.90896237,-0.9774755,-1.0494944,-0.89090383,-1.3106365,-2.4285328
-1.3111022,-1.3190154,-1.2068806,-1.0587323,-1.398732,-1.96149
-1.2761614,-1.134697,-1.8320683,-0.5365106,-1.1885269,-1.9803679
-1.4018769,-1.3379864,-0.5652664,-0.85013866,-1.0358179,-0.9607961
-1.4711671,-1.0252093,0.081051946,-0.6221049,-0.383744,0.120777845
-0.868768,-0.5702095,-0.071305394,-0.13432384,0.06167817,0.26602435
-0.616712,-0.33927727,0.06542301,-0.04321456,0.036277056,0.2296083
-1.691052,-1.4484845,-0.7697501,-0.089753866,-0.37827706,0.072942734
-1.6983869,-1.5239894,-1.1802773,-0.58296907,-0.87305367,-0.3458333
-1.5458336,-1.3275893,-0.21420372,0.16557884,0.02640748,0.28842735
-1.5048473,-1.2755255,-0.19450748,-0.04116893,-0.0971117,0.15143919
-1.2916855,-0.83991885,-0.1477611,-0.0066099167,0.084133625,0.24600124
-0.88132846,-0.50613546,-0.015828252,-0.2539208,-0.11997032,0.22084689
-0.9475963,-0.40831816,0.06964779,-0.74170375,-0.42170167,0.16174531
-0.70940614,-0.25506377,0.14890814,-0.31620908,0.031713247,0.28124928
-0.5995841,-0.21901608,0.22396684,-0.2572459,0.020650625,0.3426106
-0.120223284,0.031010866,0.33882618,-0.015166521,0.21326637,0.3151698
-0.10962999,0.14393115,0.46071506,0.20210743,0.19797325,0.4273653
-0.17485988,0.038280964,0.27991474,0.31378603,0.37944555,0.44600797
-0.051956177,0.1259954,0.34837985,0.34453368,0.4134941,0.42870617
0.36499262,0.40137935,0.4736693,0.2833662,0.4289174,0.34984207
-0.013066411,0.1740284,0.38140738,0.27770805,0.3231454,0.29297018
0.045720816,0.15883422,0.33541584,0.31525564,0.34243584,0.2805605
0.41187644,0.54138637,0.7151922,0.31410313,0.38097668,0.24103713
0.56983495,0.5797274,0.7356458,0.23365021,0.37806964,0.2729385
0.46552253,0.5280967,0.6842269,0.17427444,0.32314205,0.34687757
0.13501,0.15215087,0.30527258,0.3465557,0.41080856,0.36592388
0.21719575,0.45144367,0.6077713,0.15800929,0.21329236,0.16661143
-0.4692328,-0.10477924,0.3139528,-0.0021021366,0.08281231,0.08277893
-0.4728998,-0.038009644,0.45111382,0.07605958,0.2824931,0.43047047
0.22169185,0.35228682,0.4284556,0.16509295,0.3445592,0.20552588
-0.09469378,0.07906747,0.38619232,0.23320246,0.312742,0.25075197
-0.1302818,0.0051715374,0.24004221,0.063020706,0.1748097,0.23139763
-0.2969252,-0.043183565,0.42350817,0.07830548,0.19494033,0.21446633
-0.11318064,0.0835278,0.37304723,-0.06006646,0.14368439,0.18009996
-0.17427146,-0.05320382,0.18550432,-0.73273647,-0.36676598,-0.031880856
-0.9312937,-0.89332986,-0.36847508,-1.758306,-1.4082439,-0.8756256
-1.2815944,-1.3832455,-0.9420991,-2.0407093,-2.058237,-1.904303
-1.4063185,-1.3604525,-0.9193727,-1.9350445,-1.7250917,-1.5761664
-1.2132828,-1.2673132,-1.0339315,-1.9450731,-1.90175,-1.6358446
-1.2537196,-1.0812764,-0.8551711,-2.1812372,-2.0401707,-1.9686061
-1.3545732,-1.2443341,-0.96486235,-1.9814228,-1.9363508,-1.8157009
-1.1999671,-1.3598689,-1.2214584,-1.852401,-1.8448286,-2.0154977
-1.0373285,-1.0666524,-1.0167673,-1.9451077,-1.8688115,-2.2030056
-1.0594096,-1.2219872,-1.0859067,-2.1439497,-1.9294635,-1.8937552
-1.4729542,-1.3798068,-0.994313,-2.2127275,-2.1911063,-2.287925
-1.2190926,-1.2528635,-0.9587058,-2.2980902,-2.1959662,-2.4205065
-1.3477858,-1.3118856,-1.1035224,-2.1428566,-2.054992,-2.2071893
-1.3852473,-1.4215226,-1.2278187,-2.0824866,-2.0087504,-2.1781394
-1.2897025,-1.4526447,-1.3243928,-1.992014,-1.9610001,-2.1583822
-1.009583,-1.2933223,-1.1907938,-2.4971368,-2.2970564,-2.4561417
-1.2226496,-1.3196814,-1.1534586,-2.2780116,-2.0104005,-2.1695757
-1.1557997,-1.4425404,-1.3040648,-2.3647826,-2.2248092,-2.345549
-1.048004,-1.4200249,-1.3020998,-2.5025074,-2.3969796,-2.695659
-0.8444377,-1.3185444,-1.2024785,-2.7678475,-2.622068,-2.887745
-1.0600507,-1.3991339,-1.285964,-2.3843474,-2.2624876,-2.490866
-1.1638496,-1.3451099,-1.2339277,-2.3457377,-2.1862123,-2.360482
-0.8008207,-1.0911918,-1.0423415,-2.3381813,-2.127094,-2.3866029
-0.6778343,-1.0197058,-1.2055149,-2.6537845,-2.3179529,-2.3553128
-0.76184607,-0.8831028,-0.5977361,-1.8098392,-1.4169744,-0.8520274
-0.3383248,-0.41361022,-0.20125115,-1.4031781,-0.9726522,-0.28000796
-0.18135333,-0.14994144,-0.073221445,-0.80733407,-0.47570086,0.020614386
0.38992882,0.3073609,0.45013535,0.10453725,0.35447502,0.18313003
0.21873784,0.2120645,0.2981559,0.18618774,0.34163713,0.2235558
0.4328246,0.20510316,0.21078861,0.16129279,0.41673803,0.09789705
0.13967705,0.051501274,0.18964136,0.028558016,0.12573004,0.020685673
0.058510542,0.031080484,0.15035474,-0.08065295,0.06731796,-0.034573317
0.46776915,0.28430295,0.2602452,0.3091979,0.4662807,0.19600105
0.4953859,0.45242333,0.5239322,0.15751934,0.3153491,0.11784148
0.21615863,0.1950593,0.27902913,-0.0986588,0.07820892,0.05168295
0.15915108,0.21486354,0.37190711,0.20327187,0.379992,0.29929304
0.37709713,0.33030128,0.37354803,0.20633411,0.386096,0.21155548
0.028449535,-0.08060861,0.17113304,-0.08643508,0.104530334,0.105554104
0.609915,0.57353115,0.49723387,0.19213772,0.43190122,0.2116363
0.45377254,0.393111,0.53653705,-0.020075798,0.34551668,0.12963319
0.40784097,0.33707523,0.43351567,-0.34871316,0.04063773,-0.050789356
0.5159707,0.44783044,0.6046902,0.15429997,0.39497876,0.2048893
0.4794252,0.5590358,0.5435455,0.18106985,0.35467505,0.16155791
0.7914808,0.646914,0.5300615,0.4223225,0.5968008,0.35976744
0.7242093,0.5915382,0.57314086,0.46811342,0.54939365,0.3527367
0.7664857,0.6714437,0.6044643,0.37630963,0.53716063,0.40487576
0.80212855,0.6695168,0.76137686,0.47595906,0.6192441,0.38566828
1.0212502,1.0203247,1.070314,0.44747877,0.51476717,0.5257995
1.0100029,0.8829541,0.97129786,0.62495303,0.86410666,0.6250255
1.0644176,0.8720262,0.9458034,0.60511947,0.8603864,0.5962019
0.8997865,0.7103746,0.7784594,0.589118,0.87256455,0.5243664
1.0241735,1.0763767,0.8820355,0.6300554,0.89362407,0.6022005
0.94940805,0.89035225,0.9345827,0.5958948,0.89015293,0.62482834
0.7474556,0.84684634,0.9008628,0.63220406,0.70586205,0.5488851
0.9629872,1.0093384,0.995757,0.8857827,0.96775913,0.7183325
0.9019933,0.88686085,0.87360144,0.7523453,0.88351154,0.6258061
0.8330474,0.88542295,1.0529182,0.7764149,0.92192626,0.63871384
0.8733375,0.84451985,0.9169699,0.80368996,0.8664136,0.61096
0.9714267,0.8957808,0.91899204,0.80843925,0.8958957,0.6474755
1.0131483,0.99295044,0.96317065,0.80028725,0.8824215,0.6903467
0.93050575,0.9763422,1.0698879,0.73234725,0.8815198,0.6101577
0.95984364,0.977993,1.0008128,0.8623564,0.9087522,0.7089474
1.1205494,1.051981,1.1581906,0.80174637,0.82374716,0.6975174
0.97408414,0.96133304,1.1577163,0.8034413,0.9266126,0.712811
0.5442741,0.6127014,0.6990888,0.97319794,0.881696,0.5872941
0.5391686,0.65373135,0.69207335,0.6085472,0.6631861,0.47459292
0.8735907,1.1028206,1.2693547,0.59341025,0.5383804,0.5350125
1.0717604,1.0915017,1.1208496,0.92219496,1.1271875,0.9024799
0.9378581,0.8514862,0.82432795,1.1000566,1.0975769,0.724102
0.7719672,0.90031195,0.95491135,0.69486976,0.5476792,0.6053376
0.7636509,0.92952204,1.0154399,0.9377301,0.69773793,0.7760868
1.1947467,1.1344492,1.0984727,0.8955555,0.99525166,0.7989466
1.2109888,1.2102423,1.3156632,0.72585106,1.0196085,0.8452606
1.3195753,1.3431938,1.3710105,1.1292632,1.1726387,0.9783006
1.017005,1.1687503,1.0977892,1.0075803,0.99875784,0.7715597
1.1648347,1.2667706,1.2542436,0.7967429,0.74088216,0.6951904
0.96746826,0.7193763,0.72480595,0.60817814,1.0443993,0.6315744
0.6976161,0.8810446,0.922719,0.54178476,0.6469116,0.65934324
1.0515707,1.1143398,1.1775885,0.8662584,1.0248528,0.7486553
1.3011711,1.3744385,1.3369625,1.0350714,1.031709,0.92055035
1.0421205,1.1703122,1.2101009,0.6792016,0.8278794,0.6599908
0.61704254,0.91914725,0.99137306,1.0016053,0.7726097,0.5295634
1.0396519,1.0268295,1.0221331,0.8791137,0.86010313,0.64234304
0.75566816,0.8606968,1.0465353,0.6345887,0.7987449,0.6368172
0.65904117,0.8129878,0.8757045,0.7656951,0.6989901,0.57002664
0.8348427,0.84759355,0.9079524,0.64691186,0.5871446,0.41497898
0.94213176,1.0941236,1.2276492,0.78289366,0.82698464,0.7613547
1.0851433,1.2814124,1.3384864,0.5836277,0.747689,0.7690661
0.8644755,1.0419977,1.230425,0.83247924,0.8280523,0.7636392
0.84186625,1.0181496,1.2054809,0.8949449,0.8498888,0.7465229
0.7000823,0.95900154,1.0754666,0.84766865,0.6843178,0.71321225
0.79446244,1.0760634,1.3159343,0.79915905,0.640095,0.7953849
0.25115108,0.54354405,0.779011,0.6464248,0.5449126,0.52594924
0.19184852,0.5226929,0.8556347,0.55863833,0.22623444,0.5409336
0.33121204,0.39352632,0.5163921,0.6473527,0.44526768,0.3493576
0.047635317,0.19470716,0.5911833,0.48501325,0.4354527,0.389153
0.41673398,0.70999455,1.0192666,0.42378092,0.5535381,0.39824557
-0.055355787,0.117649555,0.45336735,-0.06750822,0.071064234,0.041734457
-0.11663461,0.019359827,0.2568587,-0.29425192,0.032374382,0.09663224
-0.77221525,-0.39792264,0.17519414,-0.11268258,-0.2135539,-0.0018959045
-0.92283916,-0.56912947,-0.018986106,-0.25777817,-0.24549556,0.09084463
-0.92285407,-0.45158505,0.12071395,-1.1107028,-0.60289454,0.109816074
-1.2076168,-0.9567323,-0.32425487,-1.5494642,-1.046999,-0.2945757
-1.2314413,-0.84892225,-0.08553934,-1.1913574,-0.8378099,-0.04310608
-1.5905565,-1.3353868,-0.22967064,-1.7179197,-1.1619099,-0.5433204
-1.6813939,-1.3224711,-0.33651495,-1.4873652,-1.0249138,-0.32595158
-1.3129783,-0.94914365,-0.2717086,-0.8526118,-0.40387988,-0.03392911
-1.0676739,-0.47062838,0.40489972,-0.028514147,0.032721758,0.3003111
-0.21496964,-0.093545794,0.2287215,0.16068745,0.38633657,0.45134926
-0.8355408,-0.42026174,0.17242634,-0.09953332,0.14615536,0.19974828
-1.1705508,-0.5526885,0.29862857,-0.02570343,0.19981885,0.30394745
-1.379672,-0.833403,0.2289468,-0.0049922466,0.11042595,0.23909521
-1.3105501,-1.0231469,0.20312333,0.0068764687,0.050257206,0.13845062
-1.2671382,-1.2413478,-0.42541635,-0.54323816,-0.70911455,-0.27945673
-1.316361,-1.4242483,0.00847733,0.009147644,-0.0017232895,0.2980969
-1.6118069,-1.4067127,-0.057294726,-0.042656183,-0.09335375,0.22284961
-1.6151114,-1.4839883,-0.13846517,-0.16560054,-0.34944427,0.0058419704
-0.36334705,-0.09706354,0.3441924,0.22844839,0.3809142,0.4374447
-1.1937062,-0.6355109,0.16637135,-0.012304306,-0.037423134,0.2878759
-1.279184,-0.6792799,0.0028214455,0.17663264,0.2016511,0.3149922
-1.1583298,-0.73657703,0.07297075,0.19851589,0.24684167,0.3086276
-1.4135699,-0.8039863,-0.080955744,0.04887128,0.15217519,0.2561872
-1.4550045,-0.8450346,0.0016520023,0.14460874,0.21085572,0.26561308
-0.74161196,-0.29629815,0.27161205,0.13085604,0.2779286,0.2720735
-0.67477965,-0.32350445,0.16720605,0.33445477,0.31141448,0.37483835
-0.39213097,-0.092453,0.34364152,0.30337477,0.3984964,0.44520807
0.00018179417,0.2190094,0.4297843,0.34248066,0.41540742,0.4018252
-0.1547817,0.06322217,0.34641266,0.44122386,0.44319224,0.45385003
-0.525522,-0.12196612,0.26663864,0.43402743,0.41806126,0.5133214
-0.5390222,-0.08117044,0.3786366,0.3475368,0.44717216,0.4497788
-0.74927306,-0.28454638,0.23242068,0.31669068,0.39865136,0.4120021
-1.6540878,-1.4894247,-0.44793463,0.099505424,-0.41130328,0.3329606
-0.7859684,-0.75396025,0.16207528,0.20875335,0.25475454,0.31590056
-1.3773223,-1.12882,0.15001309,0.037284374,0.0015823841,0.23491025
-1.4350374,-1.493639,0.099579334,0.15188003,0.06955433,0.20741749
-1.5629799,-1.5297295,-0.34753025,-0.11019015,-0.20617497,0.01880312
-1.7507415,-1.810627,-1.4799837,-0.4180261,-0.88574386,-0.82888484
-1.5640934,-1.5682858,-0.4364035,-0.44042945,-0.73497343,-0.5462173
-1.0527196,-0.6047938,0.15059543,0.0013687611,0.1355114,0.17253256
-0.8325169,-0.32234383,0.31934357,0.12714648,0.29946947,0.40818834
-0.9361136,-0.39741635,0.30538762,0.10363841,0.054245472,0.2200036
-1.4061013,-0.7080445,0.13290918,0.013447046,-0.0044357777,0.2039833
-1.5432882,-1.3940041,0.024158359,-0.06052971,-0.023204803,0.2498827
-0.915318,-0.44659972,0.2653581,-0.1618464,0.0023875237,0.16622782
-0.6990011,-0.21901321,0.39474845,-0.3039267,-0.07815933,0.15937734
-0.5053952,-0.25548685,0.16320825,-0.5631019,-0.11501479,0.16271853
-0.5221636,-0.21291709,0.12939537,-0.98173535,-0.40369844,0.06525874
-0.53038645,-0.3821051,-0.036666155,-1.2059927,-0.6688447,0.0023593903
-0.24288297,-0.16888475,0.23053384,-1.0759705,-0.35736573,0.21223855
-0.6393591,-0.4832027,-0.06668103,-1.0523313,-0.30710793,0.026010275
-1.08802,-0.75715566,-0.19037414,-1.6332791,-1.1333493,-0.6127777
-1.3872318,-1.2380276,-0.62572587,-2.0249906,-1.7514598,-1.3762169
-1.431691,-1.2452804,-0.9859096,-2.057279,-1.9113137,-1.949399
-1.4356904,-1.3731309,-1.110821,-2.1106586,-2.0359406,-2.2533703
-1.4531968,-1.419502,-1.183743,-2.0287619,-1.9893578,-2.209688
-1.4003961,-1.5075563,-1.3050151,-2.165206,-2.0203536,-2.173366
-1.4644597,-1.5395696,-1.3520795,-2.0246027,-1.9414378,-2.1326048
-1.4373562,-1.5684211,-1.9538839,-2.1884363,-2.1889,-2.5566976
-1.4232073,-1.5702196,-1.5450339,-2.0899825,-2.0419452,-2.363286
-1.2052277,-1.2712213,-1.0801772,-2.2562299,-1.9865175,-2.3544922
-1.2178667,-1.4331615,-1.2731857,-2.1183512,-2.0960646,-2.418288
-1.3490436,-1.4559584,-1.280124,-2.0122437,-1.9514047,-2.0450282
-1.4198761,-1.342614,-1.0700412,-2.2197254,-2.1301308,-2.3543603
-1.1312118,-1.2915744,-1.1106083,-2.3178926,-2.0625925,-2.2878137
-1.1403034,-1.2846732,-1.0425704,-2.372254,-2.056253,-2.3509707
-1.1657772,-1.4342854,-1.2361345,-2.3545277,-2.1993983,-2.284852
-1.0458219,-1.2795382,-1.0872386,-2.215977,-2.1131577,-2.2929149
-0.95314133,-1.2748641,-1.0864384,-2.376206,-2.1612043,-2.2075658
-0.7737192,-0.89292216,-0.6864579,-2.1098094,-1.6793115,-1.3266739
-0.25562358,-0.105968595,0.040602803,-0.48914802,-0.22987759,-0.07229376
-0.015485406,0.006649494,0.107414484,-0.02354765,0.11788559,0.0704689
0.05016637,0.12682986,0.47969723,0.062021255,0.31651616,0.15253067
0.26368546,0.26501036,0.40709472,0.32235646,0.4049797,0.2820263
0.22233582,0.27315402,0.4229927,0.25978017,0.32155752,0.20747924
0.08944726,0.21183038,0.40659058,0.31677508,0.46488,0.45288777
0.35961437,0.4237063,0.5169101,0.25675368,0.31870103,0.14883852
0.27358174,0.26305962,0.411124,0.21711612,0.26622725,0.06785393
0.33002305,0.28154755,0.4639088,0.22974682,0.41599035,0.2746904
0.28275347,0.33845162,0.4876603,0.063887596,0.14629602,-0.01604867
0.46240997,0.39945436,0.5576035,0.26379395,0.33832884,0.131778
0.3192141,0.26495767,0.57500696,0.20186901,0.37497807,0.2171092
0.504406,0.60403323,0.7349677,0.2969432,0.4183848,0.26819825
0.86990976,0.7986474,0.74610925,0.29681945,0.5541692,0.35599017
0.4979639,0.30047488,0.4988209,0.4228847,0.65986943,0.42233872
0.85352755,0.7766924,0.89361477,0.47333002,0.7773247,0.49411845
0.5004349,0.29115486,0.6358714,0.4262359,0.6332009,0.4261155
0.36184645,0.5549865,0.82294893,0.49017358,0.6143346,0.4005413
0.56508994,0.5569284,0.5994688,0.48616743,0.6289592,0.39814615
0.7204833,0.46782303,0.8075812,0.5654814,0.76522493,0.43759465
0.7088108,0.60283184,0.8841642,0.50880337,0.83848906,0.5587232
0.77440286,0.77111626,0.89878535,0.5597489,0.7787285,0.51421905
0.849416,1.0198691,1.0621341,0.56178904,0.7446878,0.6183145
1.0175288,1.026372,1.1470234,0.6886325,0.838958,0.6758065
1.0814681,1.1611071,1.1215582,0.6950381,0.87166023,0.719681
0.93352056,0.84443784,0.9944358,0.6733229,0.93631697,0.6593888
0.99392056,1.0331898,1.0833347,0.81726503,0.87719727,0.6610067
0.81411386,0.82495046,0.8994248,0.7602036,0.819186,0.55548954
0.75598,0.86731696,1.0513256,0.71855783,0.832567,0.6305094
0.7545717,0.7451012,0.9465772,0.82184815,0.95486355,0.74089646
1.0212741,1.007565,1.189832,0.75031495,0.9276247,0.67080927
1.0726194,1.0979099,1.2746943,0.808604,0.9511764,0.7399428
0.9922199,1.038022,1.1080108,0.82161546,0.9363041,0.65275335
1.086585,1.0644548,1.0366482,0.7956898,0.8967631,0.6805999
0.9878404,1.0716627,1.0513645,0.7917423,0.93565726,0.7305975
0.8776622,0.8968406,0.9684869,0.885169,0.8758297,0.7149439
0.90410113,0.92248034,1.0458412,0.91331387,0.8380313,0.7273376
1.1408815,1.1862636,1.2802252,0.8197124,0.9619279,0.79931927
1.134033,1.1833482,1.2515645,0.8638849,0.99033713,0.7877586
1.1220477,1.1623356,1.2368299,0.7874346,0.9517133,0.766999
1.1397362,1.1704304,1.2965151,0.9256146,1.0189366,0.8511543
1.0302842,1.056999,1.1849823,0.70482993,0.8645725,0.65397954
1.1186514,1.1928241,1.29798,0.65045977,0.7866397,0.5935824
0.9256494,0.9977515,1.1632147,0.639344,0.7850404,0.5733535
1.0146482,1.0061235,1.1085596,0.8828285,0.83724856,0.654294
1.0097106,1.0817082,1.1991458,0.8165469,0.97825575,0.7504134
1.0949476,1.1433089,1.1642148,0.81480336,0.85283756,0.7399492
1.0043988,0.9676511,1.1124586,0.76816344,0.8715136,0.72904205
0.9312668,1.0074008,1.15528,0.5680392,0.705379,0.54149985
1.0331743,1.2042985,1.3382137,0.7212219,0.7486441,0.83338404
0.6268141,0.7539444,1.1920012,0.80309606,0.47276473,0.69192386
0.89154243,1.0122213,1.0953841,0.45662594,0.4037602,0.5145209
0.9515083,1.1636844,1.2355806,0.83793736,0.85768175,0.78774214
1.0433874,1.0003996,1.1609216,1.0031166,1.1309624,0.7916601
0.8940222,0.8461447,0.95876503,0.6775634,0.79551387,0.5460179
0.99595237,0.9312508,1.0547178,0.89408875,0.8622346,0.72466993
0.65547967,0.8585074,1.1506056,0.93446136,0.90808964,0.85847306
0.77848697,0.87795377,1.004966,0.4760115,0.40393782,0.5623615
0.7510314,0.87187195,1.0587096,0.85928226,0.88033104,0.63442016
0.27179384,0.53252816,0.7525077,0.7318585,0.67397904,0.6558199
0.7974644,0.85005283,1.0247365,0.3989296,0.5459876,0.494128
0.89476085,1.014025,1.0976387,0.7643845,0.8619118,0.66730905
0.7092192,0.78063774,0.91025007,0.7936804,0.77686167,0.5601132
1.0369737,1.142684,1.3135458,0.95021105,1.0760925,0.93237066
1.2742085,1.3655474,1.4340311,0.97164774,1.0205014,0.8565459
1.0008347,1.0609426,0.9619173,0.9154377,0.83203673,0.73163915
0.58330107,0.64344335,0.9452925,0.80051327,0.6998038,0.60013103
0.8041172,0.98645043,1.1545327,0.84561205,0.8658197,0.6410389
0.55097294,0.8549557,1.1228225,1.1148152,0.8318701,0.7519896
0.33421445,0.5490205,0.7296002,0.6311846,0.26782966,0.4260981
0.20849538,0.34644818,0.71148837,0.37847328,0.25965357,0.27630615
0.15346527,0.3650415,0.61054456,0.61273813,0.5274832,0.4346907
-0.16342151,0.22837114,0.73814166,0.4411378,0.21782422,0.2394495
-0.5980929,-0.2505176,0.32134116,-0.06654382,-0.1479342,0.27882576
-1.0465064,-0.9237784,0.32098198,-0.20863831,-0.5587456,-0.14548397
-1.3204439,-1.5772913,-0.5541626,-0.6320853,-1.5211527,-1.167253
-1.4439647,-1.393033,-0.7304627,-0.76739,-1.1056154,-0.993201
-1.3121742,-1.4559206,-1.0396695,-1.0109446,-1.405567,-1.4595257
-1.231065,-1.2682974,-1.0172038,-1.3226948,-1.3248075,-1.3573152
-1.273006,-1.3346939,-0.8496163,-1.8388876,-1.9523015,-1.7028636
-1.5501323,-1.33359,-0.50815415,-1.3443258,-1.23156,-0.7820989
-1.6272744,-1.3496406,-0.2130698,-1.1527681,-0.97169757,-0.44070315
-1.609645,-1.2640805,-0.25451612,-1.2299721,-1.0219094,-0.4246242
-1.2711701,-0.66736174,0.2908783,-0.34633493,-0.09326053,0.19118571
-1.4000385,-0.73089015,0.11006737,0.06547308,0.18971896,0.28886843
-1.6477492,-1.4709704,-0.13484573,-0.07470679,-0.1406753,0.16241789
-1.4890338,-1.508894,-0.37539423,-0.60797954,-0.89823437,-1.0899913
-0.9460809,-1.0721159,-0.8989806,-1.0891994,-1.1626213,-1.3083868
-1.2343539,-1.2435592,-0.97624445,-1.331212,-1.318204,-1.3540375
-1.2836059,-1.2758917,-0.94180983,-1.2347615,-1.3235184,-1.4593048
-1.2540673,-1.4083338,-1.5759791,-0.99316275,-1.3218132,-2.417007
-1.3209059,-1.2690923,-0.8305142,-1.0469292,-1.1777194,-1.2892029
-1.5853552,-1.3672296,-0.51624286,-0.50657403,-0.69610476,-0.46220136
-1.486149,-1.4544108,-1.144865,-1.3523375,-1.4590251,-1.547957
-1.5401933,-1.4381458,-1.0251538,-1.3790963,-1.2755594,-1.0357226
-1.6980991,-1.3793113,-0.60205734,-1.067854,-0.9420719,-0.35145664
-1.5299592,-1.1450267,-0.115086794,-0.64799535,-0.2816379,0.17391634
-1.6559495,-1.3652396,-0.38872385,0.052430153,-0.10292959,0.33830357
-1.0983305,-0.5139942,0.28685534,0.07964516,0.24894905,0.33439064
-1.1363978,-0.52651393,0.10856068,0.12770891,0.31326532,0.2801013
-0.53979385,-0.1888659,0.3542409,0.04888177,0.110897064,0.22734761
-0.39308417,-0.18261743,0.26622963,0.08952379,0.24601007,0.33712745
-0.53958106,-0.23177814,0.22814715,0.0684607,0.12723327,0.3637073
-0.5635934,-0.2767191,0.20472944,0.1973629,0.24559617,0.37424135
-0.09489119,0.14448786,0.45009518,0.32361817,0.39799476,0.3719561
-0.12910819,0.13869095,0.4231174,0.20532179,0.31545353,0.35067558
-0.38630593,0.02236104,0.44977236,0.30879426,0.37662387,0.39309192
-0.29339802,0.08031607,0.55224574,0.29881787,0.28859663,0.29328704
0.0148739815,0.26238155,0.57468355,0.37792015,0.48373437,0.40463948
0.00852859,0.23581815,0.6764178,0.29433703,0.2677498,0.18733573
-0.06315231,0.06419873,0.4041376,0.2783184,0.40762568,0.33990002
-0.075509906,0.16581464,0.53595877,0.0716598,0.25809574,0.17384481
-0.22743118,-0.076672316,0.40106118,0.061149836,0.2918489,0.16933012
-0.3173132,-0.037774444,0.40175927,-0.00830102,0.18286204,0.27323055
-0.13579357,0.094040155,0.5213355,0.01575756,0.15219927,0.16209793
-0.6095747,-0.29302216,0.17130923,-0.0697,0.07694149,0.15259552
-0.90294313,-0.43681276,0.23599315,-0.77186966,-0.36503243,0.06176901
-1.2200536,-0.680181,0.17828095,-0.9277066,-0.39841974,0.11253333
-1.2853093,-0.77160716,0.05957532,-1.1049974,-0.6124823,-0.0835309
-0.5949421,-0.25094533,0.12824833,-1.2013497,-0.6643859,-0.07958889
-0.89817667,-0.4512161,0.2163552,-0.98712206,-0.41258788,0.08017683
-0.749423,-0.47811675,0.052618027,-0.881354,-0.27279472,0.027542591
-0.25299132,0.02232194,0.35775006,-0.7880596,-0.25488448,0.0033450127
-1.1294358,-0.9471922,-0.39533174,-1.5307678,-1.2149094,-0.68027794
-0.6117536,-0.34767628,0.26538002,-1.1450227,-0.5608423,0.11701059
-0.72380304,-0.23694324,0.28970432,-1.0989258,-0.43104565,0.1435585
-1.2053635,-1.097207,-0.10515118,-1.9284098,-1.1506662,-0.5779879
-1.216834,-1.0301282,-0.07868421,-1.8850276,-1.4391413,-0.72430134
-1.1544912,-1.0415815,-0.39676857,-2.0789013,-1.7670903,-1.268944
-1.0486369,-1.1586565,-0.8969859,-1.8347721,-1.7101846,-1.50986
-1.2248124,-1.2452942,-0.7598156,-2.1484613,-2.134361,-2.0454469
-1.0332391,-1.1124775,-0.8348681,-2.1706636,-1.9150144,-1.8486705
-1.0478218,-1.1236925,-0.8876299,-2.0516758,-1.7782288,-1.842866
-1.1956959,-1.1567031,-0.88098323,-2.2612054,-1.9324216,-2.2521133
-1.2514681,-1.3178601,-1.0361178,-2.1048381,-1.912477,-2.130712
-1.2899625,-1.3148255,-1.0417058,-2.1016393,-1.9060223,-2.1656773
-1.2169679,-1.3929007,-1.1255548,-2.1724443,-1.9585558,-2.1626604
-1.2779325,-1.4230256,-1.1498727,-2.1094508,-1.9007273,-2.1337323
-1.1562613,-1.3538975,-1.0764947,-2.280901,-2.0219667,-2.3052888
-1.1487597,-1.2291266,-0.96411014,-2.4458253,-2.0721123,-2.4135742
-1.3546551,-1.2717685,-0.8892451,-2.229613,-2.126849,-2.4826727
-1.1873541,-1.2932624,-1.0231153,-2.0747056,-1.7870693,-2.1179802
-1.1774209,-1.3743943,-1.1150924,-2.1684425,-1.9593416,-2.0560427
-0.9685848,-1.2069172,-0.94890547,-2.1263335,-1.7916521,-1.723333
0.06220913,0.027688265,0.2852137,-0.88559985,-0.3372172,-0.070780754
-0.11812484,0.066609144,0.3124503,-0.18726444,-0.07212043,0.18690157
0.034912825,0.17885542,0.4116223,0.2876506,0.31749058,0.25585032
0.30980372,0.3072853,0.53580046,0.16396427,0.37902784,0.29459238
0.4138887,0.41786075,0.64199567,0.3225088,0.5144782,0.3415358
0.28341126,0.2698021,0.54505825,0.16289711,0.427392,0.27936578
0.40355277,0.3481009,0.45301294,0.2822218,0.47782183,0.36037683
0.21054268,0.25642133,0.48034346,-0.11986327,0.06570053,0.06814003
0.54290247,0.41223693,0.59569526,0.21454573,0.42769265,0.19718146
0.38474607,0.40002084,0.6437218,0.21297503,0.47474837,0.2871964
0.27669764,0.2847631,0.47650123,0.2131548,0.3641193,0.21077657
0.37134552,0.30496025,0.48504198,0.044700146,0.27274013,0.094106674
0.27821422,0.09776425,0.4851215,0.12722516,0.29726005,0.14983606
0.5315716,0.60992384,0.78610754,0.15606713,0.40066266,0.16231418
0.39607763,0.29362345,0.5619192,0.17338204,0.46037817,0.27307105
0.5575025,-0.5589342,0.6583359,0.23229146,0.50281954,0.24972868
0.684587,0.66876554,0.7565075,0.2052207,0.45728993,0.26282406
0.6662011,0.61771584,0.7698189,0.20323133,0.43290257,0.26840496
0.490067,0.42709517,0.5107708,-0.23547554,0.24098754,0.15222311
0.48207974,0.57568145,0.62498057,-0.1217916,0.33158612,0.23315501
0.6749017,0.7344425,0.79242563,0.20141649,0.4521656,0.2751763
1.0649602,1.1568999,1.2013572,0.36815047,0.72681737,0.56734824
0.7341597,0.7885964,0.944262,0.37070394,0.5909612,0.46983743
0.72438765,0.76372385,0.8681898,0.52630544,0.713408,0.49215722
0.89937615,0.9054756,1.0091712,0.57652044,0.7725327,0.56637335
1.0791445,1.0963416,1.3029846,0.5710583,0.8714318,0.5978272
1.0253577,0.8368952,1.0438623,0.6598315,0.96478486,0.64253163
0.7108269,0.630419,0.87746,0.6391208,0.925488,0.6964078
0.89607906,0.83283615,0.8872745,0.6709845,0.89659834,0.5738809
0.88154745,0.89002395,0.92709684,0.6961515,0.96199465,0.6611881
1.0046527,1.0067413,1.0694826,0.74602413,0.88542914,0.7141433
0.9133785,0.93669987,1.0796986,0.7807374,0.9606087,0.6705823
0.95510745,1.0857444,1.2549722,0.7134924,0.84657216,0.6905236
1.0033917,1.0132306,1.1019193,0.84977245,0.90712523,0.70677876
0.9718821,1.0268135,1.1658604,0.71080685,0.8927541,0.67874765
1.0063367,1.0468249,1.1792014,0.8393302,1.016288,0.8057525
0.9785085,1.0619972,1.072011,0.7651572,0.83097553,0.7807257
0.92639995,0.9079697,0.9836438,0.9041858,0.9503362,0.73865104
0.7950947,0.6888776,1.0137873,0.72821784,0.8935604,0.60065436
1.0896006,1.274333,1.3713675,0.9114108,0.94169784,0.73083854
0.8817358,0.91689014,1.0505679,0.76020956,0.9102595,0.67529035
1.1475191,1.2785888,1.4448383,0.81113887,0.9368105,0.8479519
1.0146747,1.1923108,1.4135114,0.56048656,0.72692823,0.72021794
1.087151,1.1189306,1.3076591,0.760612,0.9209604,0.6685276
1.1194127,1.1387079,1.1017848,0.8953867,0.9250572,0.7162998
0.73981524,0.78887415,1.0056273,0.7503617,0.84327745,0.61993694
1.1219218,1.1274574,1.1414509,0.8632431,0.92249775,0.7812846
0.7871108,0.89388776,0.8984306,0.67182374,0.7119863,0.5541644
0.37431479,0.7382283,1.0694528,0.5789573,0.65106964,0.64506936
0.9201708,1.0519753,1.1263354,0.827508,0.9114499,0.6292436
0.9931879,1.0825975,1.2537767,0.89190173,0.93527675,0.70761204
0.6367879,0.8761331,1.0962701,0.49891734,0.62719345,0.48137522
0.8402631,0.9241836,1.088444,0.7247424,0.93833876,0.8363569
0.98813224,1.0273796,1.1856508,0.8100362,1.0518036,0.70222807
0.6621077,0.8239734,0.5557978,0.64430356,0.5127921,0.8918545
0.5891843,0.73835707,0.48148358,0.59634185,0.46816802,0.8643198
0.51395917,0.6497799,0.4083736,0.54735065,0.42272234,0.8362651
0.4366269,0.55858874,0.33696222,0.49732304,0.37649417,0.8078387
0.33996654,0.46494234,0.26702428,0.44643927,0.32956266,0.77898884
0.23521495,0.3693601,0.19898641,0.39474773,0.28201842,0.7497506
0.12788892,0.27201736,0.1328739,0.34221745,0.23384452,0.71996355
0.018745303,0.17353225,0.06854904,0.28912735,0.1852436,0.6897862
-0.091822505,0.074272156,0.0063585043,0.23547769,0.13624215,0.6591513
-0.20309424,-0.025265455,-0.053982854,0.18137169,0.08677745,0.6280124
-0.31443715,-0.124562144,-0.11210632,0.12699938,0.037353516,0.5964563
-0.42530072,-0.22311199,-0.16815591,0.07241392,-0.01215744,0.5643754
-0.5349606,-0.32041717,-0.22228122,0.017733335,-0.061573505,0.53196144
-0.6429266,-0.4160515,-0.27417946,-0.03688264,-0.11087489,0.49894428
-0.7485492,-0.50959706,-0.3242259,-0.09130263,-0.15985751,0.4655962
-0.85116494,-0.60047066,-0.37218285,-0.14552045,-0.20851111,0.43165874
-0.9506958,-0.6886033,-0.4182577,-0.19931436,-0.25669432,0.39740276
-1.0463836,-0.77351356,-0.46251822,-0.2526399,-0.3043518,0.36257672
-1.1382297,-0.8551036,-0.50484395,-0.3054155,-0.35150874,0.32742214
-1.225584,-0.9330194,-0.5455755,-0.35760438,-0.39795995,0.27861285
-1.308368,-1.007107,-0.584458,-0.4090302,-0.44358325,0.22860384
-1.3864746,-1.0773432,-0.62174094,-0.49213624,-0.49074697,0.179178
-1.459852,-1.1490505,-0.6574857,-0.58543766,-0.54757893,0.13037491
-1.5285242,-1.2390784,-0.6916721,-0.6750902,-0.6026349,0.082209826
-1.5923729,-1.3223927,-0.76230204,-0.76117337,-0.6559293,0.026388645
-1.6516283,-1.399244,-0.8547306,-0.84367526,-0.7074282,-0.041290283
-1.7063386,-1.4699327,-0.93907386,-0.9226434,-0.7572061,-0.10698748
-1.7567815,-1.5346123,-1.0155241,-0.99829364,-0.805382,-0.17075443
-1.8029236,-1.5935827,-1.0846082,-1.0703862,-0.85183406,-0.23255372
-1.8450475,-1.6471673,-1.1466072,-1.1392431,-0.89659345,-0.29237008
-1.7475404,-1.7963059,-2.1808968,-0.7320683,-1.1790198,-1.2296131
-1.6743214,-1.77705,-2.5632687,-0.7104312,-1.3194326,-1.5422462
-1.3011878,-1.3369842,-1.3460839,-0.98149014,-1.2286114,-1.4692906
-1.4696717,-1.3302171,-0.69291484,-0.8402914,-0.8290155,-0.6252644
-0.98948956,-1.1901016,-0.7256166,-0.8623735,-0.891644,-0.8143642
-1.3068073,-1.2164193,-0.84965646,-1.0130715,-1.0042857,-0.8214115
-1.5133889,-1.6020966,-1.924567,-0.99942875,-1.407483,-1.6642461
-1.4514642,-1.4728532,-1.2900429,-1.0876845,-1.2685564,-1.4717602
-1.5153173,-1.2461797,-0.5308641,-0.9748657,-0.88550305,-0.5684006
-1.473403,-1.4147506,-1.0041858,-1.1428356,-1.3573954,-1.3618599
-1.6829505,-1.3280584,-0.23583603,-1.2834398,-0.91853285,-0.32102144
-1.6412168,-1.1916096,-0.07603192,-0.60826325,-0.4635706,0.28986168
-1.1294361,-0.5378443,0.17100608,-0.4829142,-0.1736219,0.14393616
-1.4013176,-0.98743844,-0.10971022,-0.25378013,-0.05037403,0.15271807
-0.3784567,-0.1083225,0.2655003,-0.32102966,0.10803509,0.24760628
-0.2709595,-0.23267984,0.19240427,-0.6334808,-0.06448221,0.18257189
-1.0228106,-0.8361428,-0.22079158,-1.8244789,-1.2802036,-0.6985954
-1.4639523,-1.3125229,-0.57260203,-2.1849537,-1.8840835,-1.4774461
-1.3315644,-1.3052148,-0.9687258,-1.8329641,-1.7467774,-1.6634511
-1.4550272,-1.444481,-0.97521615,-2.1850336,-2.141856,-2.3313618
-1.4210683,-1.4606062,-1.1678147,-1.9760928,-1.8466337,-2.0206077
-1.4291542,-1.3473089,-0.877149,-1.935805,-1.825878,-1.7696779
-0.5407666,-0.34660244,0.286968,-1.2336268,-0.6120825,-0.0613091
0.37435055,0.52314043,0.7996582,0.04441476,0.23301768,0.20716524
-0.046865344,0.24452984,0.65591,0.15405202,0.38644743,0.33747673
0.27954173,0.2818594,0.65705955,0.36340046,0.381742,0.18482113
-0.16381359,0.15651488,0.56985605,0.19670606,0.35888886,0.23146057
-0.6374012,-0.30234468,0.22435534,-0.36664224,-0.1000278,0.088559866
-0.51588976,-0.19822288,0.34188652,0.060038567,0.27214694,0.2468853
-0.38419962,-0.053813457,0.38793492,-0.41151893,0.074120045,0.23294497
-0.7866013,-0.308195,0.4213326,-0.7071805,-0.13312125,0.20048285
-1.0027077,-1.0265752,-0.27918243,-1.983706,-1.4980317,-0.9316006
-1.3790687,-1.4157925,-1.1298786,-1.7043216,-1.6597682,-1.7491053
-1.3351727,-1.3080035,-0.98524463,-1.9405428,-1.8059714,-1.7161462
-1.3776733,-1.4091522,-1.0917342,-1.8111149,-1.7573068,-1.8447111
-1.4146023,-1.3251405,-0.97525245,-1.9352851,-1.8049873,-1.8708371
-1.3342875,-1.2758201,-0.711893,-1.9083501,-1.8114153,-1.7925303
-1.3450537,-1.2691846,-0.8128842,-1.8406508,-1.582027,-1.3235577
-1.4547113,-1.5063908,-1.3994205,-1.9235511,-1.8647461,-2.0474222
-1.3866286,-1.4983301,-1.2626326,-2.008516,-1.8748007,-2.0896065
-1.4038929,-1.4440129,-1.2161409,-1.913824,-1.8264978,-1.9690173
-1.4130952,-1.5072033,-1.2480872,-1.9797647,-1.8479637,-2.0343316
-1.3136481,-1.4713235,-1.6102676,-2.2144854,-2.1294718,-2.4488432
-1.3617382,-1.4857118,-1.3100369,-2.1026995,-1.9855372,-2.2316027
-1.297307,-1.4289163,-1.504334,-2.1283107,-2.0937092,-2.445848
-1.0906792,-1.333591,-1.1221575,-2.338951,-2.181729,-2.546914
-1.2607058,-1.3372815,-1.092222,-2.1959343,-1.9804718,-2.1701326
-1.2380414,-1.2626823,-0.9316742,-2.2617638,-2.0618713,-2.3902485
-1.2836398,-1.2783947,-0.87741417,-2.148637,-2.081896,-2.5047138
-1.1773953,-1.3447512,-1.0777023,-2.2359014,-2.0114644,-2.2533908
-1.4677651,-1.3586237,-0.9901005,-2.1076272,-2.0613718,-2.3035421
-1.4578497,-1.4475354,-1.1299316,-2.0268083,-1.9577471,-2.2141747
-1.3363223,-1.439748,-1.1345179,-2.14177,-1.9852824,-2.2478676
-1.4744761,-1.4969952,-1.2102624,-2.0134792,-1.8628377,-2.097829
-1.2432194,-1.4474332,-1.192801,-2.2094688,-2.0728738,-2.2475648
-1.2988957,-1.3770175,-1.0352845,-2.1833549,-2.0326724,-2.3666348
-1.2488533,-1.3862638,-1.0832238,-2.1852665,-1.9566144,-2.25391
-1.079783,-1.2598196,-1.0302881,-2.200607,-2.00323,-2.1207545
-1.0560601,-1.052631,-0.74563074,-2.1188066,-1.807538,-1.9149687
-0.3559208,-0.15643394,0.2341479,-0.7946222,-0.56133723,-0.28625822
0.30856967,0.3758669,0.48142743,0.29052782,0.45441008,0.3491392
0.2392838,-0.010731459,0.34967136,0.27914047,0.49360657,0.31346846
0.37525964,0.36301768,0.51767576,0.3512602,0.50265026,0.2862265
0.03928697,0.12925065,0.27145624,0.18533063,0.30012298,0.2499156
0.3062322,0.30246878,0.4965645,0.04896593,0.29731083,0.13565421
0.6257584,0.54032946,0.66535366,0.39901257,0.6170368,0.2634833
0.511179,0.514498,0.69039273,0.23784494,0.3787644,0.2185986
0.32568336,0.33370864,0.54833543,0.20242453,0.35676265,0.12932396
0.37801766,0.38182926,0.65266466,0.0022127628,0.22288656,0.048315525
0.64505863,0.61850905,0.7682179,0.24004078,0.49161768,0.25899792
0.29077625,0.3550142,0.50577784,0.16929626,0.39664388,0.2337246
0.4579873,0.43524766,0.6917591,0.12126684,0.42451215,0.21524334
0.1036613,0.18880403,0.45100045,0.25156927,0.4627633,0.3598032
0.34566855,0.17805445,0.5614133,-0.056836605,0.22954011,0.018526077
0.24146676,0.1499368,0.46113658,-0.26905692,0.19842267,0.055722
0.37025857,0.44290352,0.58041537,-0.020381927,0.2451551,0.124893665
0.31610036,0.22894204,0.4581225,0.17708015,0.33431864,0.07708883
0.48358583,0.56722283,0.86834455,0.19339204,0.42680526,0.21753645
0.6330955,0.59451354,0.69365764,0.31843185,0.5853784,0.27928162
0.60269,0.6455842,0.87347746,0.28466392,0.49160814,0.2529807
0.80754566,0.7386441,0.80381286,0.3456831,0.52446866,0.29485822
0.9486685,0.81709504,1.1028053,0.3445599,0.613832,0.4510324
0.79438925,0.7643113,1.1382029,0.4948051,0.79675937,0.45350218
1.0985715,1.0964235,1.2664502,0.5635834,0.8198545,0.6006117
1.1460633,0.9463053,1.3005327,0.5865717,0.9087558,0.655658
0.9843137,1.0400419,1.2817028,0.59477735,0.85749006,0.5461798
0.80992246,0.84110093,0.97797716,0.5378878,0.82622385,0.48497415
0.87902117,0.8563217,1.164553,0.5810461,0.8789048,0.54612494
1.0914876,1.1047051,1.1910706,0.7353208,0.99120903,0.71984625
